,name,nationality,age,yellow_cards,double_yellow_cards,red_cards,penalties,appearances,league
0,Dr. Felix Brych,Germany,50,285,17,7,25,69,Champions
1,Björn Kuipers,Netherlands,52,221,6,5,22,59,Champions
2,Kim Milton Nielsen,Denmark,65,163,3,3,10,57,Champions
3,Szymon Marciniak,Poland,44,224,6,2,22,56,Champions
4,Clément Turpin,France,43,197,2,9,28,56,Champions
5,Daniele Orsato,Italy,49,244,6,2,12,55,Champions
6,Cüneyt Çakır,Türkiye,48,221,7,3,25,54,Champions
7,Damir Skomina,Slovenia,49,205,3,4,10,53,Champions
8,Danny Makkelie,Netherlands,42,198,6,3,16,53,Champions
9,Wolfgang Stark,Germany,55,193,4,6,12,51,Champions
10,Lubos Michel,Slovakia,57,203,7,8,13,50,Champions
11,Dr. Markus Merk,Germany,63,195,6,11,6,49,Champions
12,Terje Hauge,Norway,60,169,4,3,12,47,Champions
13,Frank De Bleeckere,Belgium,59,166,2,2,6,47,Champions
14,Anders Frisk,Sweden,62,151,3,8,4,45,Champions
15,Viktor Kassai,Hungary,50,168,7,0,15,44,Champions
16,Urs Meier,Switzerland,66,168,0,6,11,42,Champions
17,Slavko Vincic,Slovenia,45,167,1,2,5,42,Champions
18,Kyros Vassaras,Greece,59,189,3,3,10,41,Champions
19,Nicola Rizzoli,Italy,54,162,5,1,9,41,Champions
20,Mateu Lahoz,Spain,48,156,4,0,13,41,Champions
21,Michael Oliver,England,40,185,5,2,12,41,Champions
22,Mejuto González,Spain,60,125,2,0,10,40,Champions
23,Jonas Eriksson,Sweden,51,139,2,4,10,40,Champions
24,Anthony Taylor,England,46,178,4,1,12,40,Champions
25,Pierluigi Collina,Italy,65,124,5,1,10,39,Champions
26,Ovidiu Hațegan,Romania,45,159,4,3,10,39,Champions
27,Konrad Plautz,Austria,60,106,3,1,4,38,Champions
28,Undiano Mallenco,Spain,52,164,6,3,6,38,Champions
29,Gianluca Rocchi,Italy,52,144,10,1,14,38,Champions
30,Felix Zwayer,Germany,44,200,6,4,18,38,Champions
31,Willie Collum,Scotland,46,151,5,8,11,37,Champions
32,Massimo Busacca,Switzerland,56,113,2,1,6,36,Champions
33,Howard Webb,England,54,161,2,4,5,36,Champions
34,Alain Hamer,Luxembourg,59,137,7,1,5,34,Champions
35,Claus Bo Larsen,Denmark,59,82,0,0,6,34,Champions
36,Gilles Veissière,France,66,117,1,2,4,33,Champions
37,Herbert Fandel,Germany,61,125,7,2,3,33,Champions
38,Graham Poll,England,62,109,3,2,3,32,Champions
39,Istvan Kovacs,Romania,41,143,3,3,12,32,Champions
40,Olegário Benquerença,Portugal,55,131,6,5,6,31,Champions
41,Craig Thomson,Scotland,53,136,4,2,8,30,Champions
42,Martin Atkinson,England,54,136,2,0,7,30,Champions
43,Milorad Mazic,Serbia,52,120,2,1,6,30,Champions
44,Hellmut Krug,Germany,69,116,2,3,6,28,Champions
45,Carlos Velasco Carballo,Spain,54,106,1,0,10,28,Champions
46,Mark Clattenburg,England,50,131,2,0,4,28,Champions
47,Pavel Kralovec,Czech Republic,48,102,1,2,8,28,Champions
48,Sergey Karasev,Russia,46,100,4,4,11,28,Champions
49,Hugh Dallas,Scotland,67,101,3,1,9,27,Champions
50,Pedro Proença,Portugal,54,113,3,3,4,27,Champions
51,Jesús Gil Manzano,Spain,41,104,0,0,10,27,Champions
52,Alain Sars,France,64,88,2,4,8,26,Champions
53,Valentin Ivanov,Russia,64,76,2,2,5,26,Champions
54,Svein Oddvar Moen,Norway,46,77,1,2,5,26,Champions
55,Tom Henning Övrebö,Norway,59,90,4,3,1,25,Champions
56,Artur Soares Dias,Portugal,46,67,0,2,7,24,Champions
57,Davide Massa,Italy,44,80,2,3,7,24,Champions
58,Mike Riley,England,60,89,5,2,3,23,Champions
59,Roberto Rosetti,Italy,58,81,1,5,3,23,Champions
60,Stéphane Lannoy,France,56,80,5,1,2,23,Champions
61,Vítor Pereira,Portugal,68,70,5,1,5,22,Champions
62,Paolo Tagliavento,Italy,53,78,2,4,6,22,Champions
63,Anastasios Sidiropoulos,Greece,46,87,2,3,6,22,Champions
64,Carlos del Cerro Grande,Spain,49,80,3,1,7,22,Champions
65,François Letexier,France,36,80,2,6,12,22,Champions
66,Rune Pedersen,Norway,62,55,2,3,7,21,Champions
67,Stefano Braschi,Italy,68,64,1,3,6,21,Champions
68,Lucílio Baptista,Portugal,60,83,4,2,3,21,Champions
69,Deniz Aytekin,Germany,47,87,2,3,4,21,Champions
70,Antonio Jesús López Nieto,Spain,67,74,2,1,5,20,Champions
71,Nikolay Levnikov,Russia,69,78,4,1,3,20,Champions
72,Dick Jol,Netherlands,69,79,2,1,4,20,Champions
73,Jan Wegereef,Netherlands,63,66,1,2,2,20,Champions
74,Luis Medina Cantalejo,Spain,61,87,6,1,5,20,Champions
75,Benoît Bastien,France,42,80,1,1,7,20,Champions
76,Ivan Kruzliak,Slovakia,41,91,5,1,4,20,Champions
77,Tobias Stieler,Germany,44,81,0,2,7,19,Champions
78,Daniel Siebert,Germany,41,89,3,3,6,19,Champions
79,José María García-Aranda,Spain,69,65,2,0,6,18,Champions
80,Peter Fröjdfeldt,Sweden,61,63,2,1,5,18,Champions
81,René Temmink,Netherlands,65,54,0,1,2,17,Champions
82,Florian Meyer,Germany,56,58,0,2,5,17,Champions
83,Serdar Gözübüyük,Netherlands,39,66,1,0,6,17,Champions
84,Sandro Schärer,Switzerland,37,61,0,3,5,17,Champions
85,Ryszard Wójcik,Poland,69,39,1,3,3,16,Champions
86,Manuel Díaz Vega,Spain,71,59,0,2,2,16,Champions
87,Bertrand Layec,France,60,62,0,0,2,16,Champions
88,Martin Hansson,Sweden,54,49,1,2,3,16,Champions
89,Irfan Peljto,Bosnia-Herzegovina,41,51,2,3,9,16,Champions
90,David Elleray,England,71,65,4,4,4,15,Champions
91,Günter Benkö,Austria,70,56,0,0,0,15,Champions
92,Graham Barber,England,67,56,0,1,1,15,Champions
93,Arturo Daudén Ibáñez,Spain,61,50,3,4,5,15,Champions
94,Laurent Duhamel,France,57,44,0,1,1,15,Champions
95,David Fernández Borbalán,Spain,52,58,0,0,4,15,Champions
96,Halil Umut Meler,Türkiye,39,56,0,1,7,15,Champions
97,José María Sánchez Martínez,Spain,42,51,1,0,3,15,Champions
98,Michel Piraux,Belgium,70,54,1,1,3,14,Champions
99,Karl-Erik Nilsson,Sweden,68,44,3,1,4,14,Champions
100,Éric Poulat,France,61,50,3,3,2,14,Champions
101,Stefano Farina,Italy,0,54,2,1,5,14,Champions
102,Matej Jug,Slovenia,45,41,1,0,4,14,Champions
103,Aleksey Kulbakov,Belarus,45,41,2,1,6,14,Champions
104,Orel Grinfeld,Israel,44,53,3,0,2,14,Champions
105,Glenn Nyberg,Sweden,37,38,0,0,4,14,Champions
106,Serge Muhmenthaler,Switzerland,72,25,1,1,5,13,Champions
107,Sándor Puhl,Hungary,0,38,0,1,2,13,Champions
108,Claude Colombo,France,65,31,0,0,2,13,Champions
109,Massimo De Santis,Italy,63,53,0,0,2,13,Champions
110,Yuriy Baskakov,Russia,61,38,1,0,2,13,Champions
111,Eric Braamhaar,Netherlands,59,44,0,1,3,13,Champions
112,Pieter Vink,Netherlands,58,46,0,1,0,13,Champions
113,Srdjan Jovanovic,Serbia,39,45,1,0,2,13,Champions
114,Marco Guida,Italy,44,40,0,0,5,13,Champions
115,László Vágner,Hungary,69,39,0,0,3,12,Champions
116,Paul Durkin,England,70,43,1,1,1,12,Champions
117,Knud Erik Fisker,Denmark,65,42,2,2,7,12,Champions
118,Domenico Messina,Italy,63,26,1,0,2,12,Champions
119,Ivan Bebek,Croatia,48,55,6,2,9,12,Champions
120,Bas Nijhuis,Netherlands,48,46,0,0,4,12,Champions
121,Maurizio Mariani,Italy,43,48,1,1,6,12,Champions
122,Espen Eskås,Norway,37,33,1,0,3,12,Champions
123,Ion Craciunescu,Romania,75,42,1,0,0,11,Champions
124,Bernd Heynemann,Germany,71,33,1,1,3,11,Champions
125,Mario van der Ende,Netherlands,69,41,1,1,0,11,Champions
126,Vaclav Krondl,Czech Republic,72,48,1,0,1,11,Champions
127,Piero Ceccarini,Italy,71,31,0,0,3,11,Champions
128,Alfredo Trentalange,Italy,68,35,1,3,6,11,Champions
129,Juan Antonio Fernández Marín,Spain,67,43,1,0,6,11,Champions
130,Stuart Dougal,Scotland,62,30,1,2,1,11,Champions
131,Paul Allaerts,Belgium,61,23,1,0,2,10,Champions
132,Steve Bennett,England,64,42,4,2,3,10,Champions
133,Ruddy Buquet,France,48,40,2,0,3,10,Champions
134,Georgi Kabakov,Bulgaria,39,45,3,0,1,10,Champions
135,Leslie Irvine,Northern Ireland,67,14,0,1,0,9,Champions
136,Leslie Mottram,Scotland,74,27,0,2,2,9,Champions
137,Vadim Zhuk,Belarus,73,25,1,2,2,9,Champions
138,Leif Sundell,Sweden,67,20,0,0,1,9,Champions
139,Marc Batta,France,71,24,0,0,1,9,Champions
140,Hartmut Strampe,Germany,69,28,2,0,3,9,Champions
141,Stéphane Bré,France,59,26,0,1,1,9,Champions
142,Gerd Grabher,Austria,71,26,0,1,1,8,Champions
143,Atanas Uzunov,Bulgaria,0,31,0,2,2,8,Champions
144,Graziano Cesari,Italy,68,23,0,1,0,8,Champions
145,Eduardo Iturralde González,Spain,58,28,1,0,2,8,Champions
146,Jorge Sousa,Portugal,50,27,0,2,4,8,Champions
147,Andreas Ekberg,Sweden,40,34,2,0,4,8,Champions
148,Donatas Rumšas,Lithuania,37,27,1,2,3,8,Champions
149,Kurt Röthlisberger,Switzerland,74,20,0,1,0,7,Champions
150,Ahmet Çakar,Türkiye,63,17,1,1,0,7,Champions
151,Matteo Trefoloni,Italy,54,28,0,2,2,7,Champions
152,Tom Harald Hagen,Norway,49,32,0,0,3,7,Champions
153,João Pinheiro,Portugal,37,24,0,0,1,7,Champions
154,Rade Obrenovic,Slovenia,35,36,1,0,1,7,Champions
155,Peter Mikkelsen,Denmark,0,14,0,0,0,6,Champions
156,Guy Goethals,Belgium,72,15,0,0,0,6,Champions
157,Vladimir Hrinak,Slovakia,0,19,0,1,0,6,Champions
158,István Vad,Hungary,50,21,0,0,3,6,Champions
159,Manuel Gräfe,Germany,52,26,0,1,1,6,Champions
160,Aleksandar Stavrev,North Macedonia,48,18,0,0,1,6,Champions
161,Marijo Strahonja,Croatia,50,22,3,0,1,6,Champions
162,Andris Treimanis,Latvia,40,22,1,1,6,6,Champions
163,Bobby Madden,Scotland,46,21,1,1,3,6,Champions
164,Radu Petrescu,Romania,42,29,0,0,2,6,Champions
165,Manfredas Lukjančukas,Lithuania,33,14,0,0,1,6,Champions
166,Dermot Gallagher,England,68,22,2,0,0,5,Champions
167,Grzegorz Gilewski,Poland,52,14,0,1,0,5,Champions
168,Tony Chapron,France,53,15,0,1,0,5,Champions
169,Fırat Aydınus,Türkiye,51,16,1,0,2,5,Champions
170,Martin Strömbergsson,Sweden,48,16,0,0,0,5,Champions
171,Bartosz Frankowski,Poland,39,21,1,0,1,5,Champions
172,Alejandro Hernández Hernández,Spain,42,14,2,0,2,5,Champions
173,Aliyar Agayev,Azerbaijan,37,24,0,0,1,5,Champions
174,Erik Lambrechts,Belgium,41,11,1,0,1,5,Champions
175,Jim McCluskey,Scotland,0,11,0,0,0,4,Champions
176,Rémy Harrel,France,71,9,0,0,1,4,Champions
177,Sergey Khusainov,Russia,71,10,0,1,0,4,Champions
178,Fabio Baldas,Italy,76,13,0,0,1,4,Champions
179,John Blankenstein,Netherlands,0,10,1,2,0,4,Champions
180,Vasilios Nikakis,Greece,72,8,0,0,2,4,Champions
181,Antonio Martín Navarrete,Spain,76,7,1,0,0,4,Champions
182,Oğuz Sarvan,Türkiye,70,5,0,0,1,4,Champions
183,Fritz Stuchlik,Austria,59,11,2,1,2,4,Champions
184,Michael McCurry,Scotland,61,18,0,0,0,4,Champions
185,Aleksey Nikolaev,Russia,54,13,1,0,0,4,Champions
186,Alan Kelly,Ireland,50,12,0,0,1,4,Champions
187,Antony Gautier,France,47,24,0,0,2,4,Champions
188,Pawel Raczkowski,Poland,42,9,0,0,1,4,Champions
189,Mykola Balakin,Ukraine,36,9,0,0,1,4,Champions
190,Jaap Uilenberg,Netherlands,75,6,0,0,0,3,Champions
191,Angelo Amendolia,Italy,0,7,0,0,0,3,Champions
192,Karl-Josef Assenmacher,Germany,78,3,0,0,1,3,Champions
193,Frans Van Den Wyngaert,Belgium,74,5,0,0,1,3,Champions
194,Philip Don,England,73,22,0,1,2,3,Champions
195,Pierluigi Pairetto,Italy,73,4,1,1,1,3,Champions
196,Georgios Bikas,Greece,70,17,0,1,0,3,Champions
197,Jacek Granat,Poland,59,14,0,0,0,3,Champions
198,Dr. Helmut Fleischer,Germany,61,9,1,0,1,3,Champions
199,Dr. Franz-Xaver Wack,Germany,60,9,0,0,0,3,Champions
200,Cosimo Bolognino,Italy,66,4,0,0,1,3,Champions
201,Darko Ceferin,Slovenia,57,12,0,0,0,3,Champions
202,Thomas Einwaller,Austria,48,11,0,0,0,3,Champions
203,Kevin Blom,Netherlands,51,15,0,1,1,3,Champions
204,Serge Gumienny,Belgium,53,12,0,0,0,3,Champions
205,Robert Schörgenhofer,Austria,52,11,0,1,1,3,Champions
206,Peter Rasmussen,Denmark,50,7,0,0,1,3,Champions
207,Gediminas Mazeika,Lithuania,47,11,0,0,2,3,Champions
208,Ali Palabıyık,Türkiye,44,9,0,0,2,3,Champions
209,Stéphanie Frappart,France,41,8,0,0,3,3,Champions
210,Urs Schnyder,Switzerland,39,18,0,1,4,3,Champions
211,Rohit Saggi,Norway,33,13,0,1,2,3,Champions
212,Roman Steindl,Austria,76,6,1,0,0,2,Champions
213,Charles Agius,Malta,69,8,0,1,0,2,Champions
214,Simo Ruokonen,Finland,0,8,0,0,2,2,Champions
215,Christer Fällström,Sweden,73,0,0,0,0,2,Champions
216,Roger Philippi,Luxembourg,73,3,0,0,0,2,Champions
217,Patrick Kelly,Ireland,0,0,0,0,0,2,Champions
218,Aleksey Spirin,Russia,0,3,0,0,0,2,Champions
219,Bo Jonas Hil Karlsson,Sweden,76,3,0,1,0,2,Champions
220,Aron Schmidhuber,Germany,78,4,0,0,1,2,Champions
221,Keith Burge,Wales,75,0,0,0,0,2,Champions
222,Joël Quiniou,France,75,6,0,0,0,2,Champions
223,Didier Pauchard,France,74,3,1,0,1,2,Champions
224,Zbigniew Przesmycki,Poland,73,13,0,0,0,2,Champions
225,Ilkka Koho,Finland,67,6,1,0,0,2,Champions
226,Jorge Coroado,Portugal,69,3,0,0,0,2,Champions
227,Hans-Jürgen Weber,Germany,70,7,0,0,0,2,Champions
228,Adrian Porumboiu,Romania,75,4,0,0,1,2,Champions
229,Amand Ancion,Belgium,67,11,1,1,4,2,Champions
230,Miroslav Radoman,Serbia,67,7,0,0,0,2,Champions
231,Dick van Egmond,Netherlands,64,4,0,0,0,2,Champions
232,Paulo Costa,Portugal,60,11,1,0,1,2,Champions
233,Michal Benes,Czech Republic,57,8,0,0,0,2,Champions
234,Zeljko Siric,Croatia,64,7,2,1,0,2,Champions
235,Georgios Kasnaferis,Greece,58,13,1,1,0,2,Champions
236,Alon Yefet,Israel,53,7,0,0,0,2,Champions
237,Jaroslav Jara,Czech Republic,61,11,0,0,0,2,Champions
238,Cristian Balaj,Romania,54,6,0,0,0,2,Champions
239,Stefan Johannesson,Sweden,53,7,0,0,0,2,Champions
240,Vladislav Bezborodov,Russia,52,5,0,0,0,2,Champions
241,Pawel Gil,Poland,49,10,0,0,0,2,Champions
242,Mattias Gestranius,Finland,47,9,1,0,0,2,Champions
243,Lawrence Visser,Belgium,35,10,0,0,1,2,Champions
244,Nikola Dabanovic,Montenegro,43,7,0,0,0,2,Champions
245,Giorgi Kruashvili,Georgia,39,7,0,0,0,2,Champions
246,Chris Kavanagh,England,40,9,0,0,0,2,Champions
247,Arie Frost,Israel,77,5,0,0,0,1,Champions
248,Lajos Hartmann,Hungary,78,0,0,0,0,1,Champions
249,Wilfred Wallace,Ireland,0,3,0,0,0,1,Champions
250,Mitko Mitrev,Bulgaria,0,1,0,0,1,1,Champions
251,Léon Schelings,Belgium,75,0,0,1,0,1,Champions
252,Hans Reygwart,Netherlands,76,0,0,0,0,1,Champions
253,Gerald Ashby,England,0,1,0,0,0,1,Champions
254,Rune Larsson,Sweden,73,2,0,0,0,1,Champions
255,Stavros Zakestidis,Greece,0,4,0,0,0,1,Champions
256,Frederick McKnight,Northern Ireland,79,1,0,0,0,1,Champions
257,Jiri Ulrich,Czech Republic,73,1,0,0,0,1,Champions
258,Fortunato Azevedo,Portugal,76,0,0,0,0,1,Champions
259,Erman Toroğlu,Türkiye,76,3,0,0,0,1,Champions
260,Hubert Forstinger,Austria,79,7,0,0,0,1,Champions
261,Alphonse Costantin,Belgium,80,0,0,0,0,1,Champions
262,Arcangelo Pezzella,Italy,77,4,0,0,0,1,Champions
263,Brian Hill,England,78,0,0,0,0,1,Champions
264,Jozef Marko,Slovakia,79,1,0,0,0,1,Champions
265,Eyjölfur Ólafsson,Iceland,72,3,0,0,0,1,Champions
266,Alan Snoddy,Northern Ireland,70,1,0,0,0,1,Champions
267,Andrey Butenko,Russia,71,0,0,0,0,1,Champions
268,Sándor Varga,Hungary,0,0,0,0,0,1,Champions
269,Georgian Ionescu,Romania,47,0,0,0,1,1,Champions
270,Fredy Philippoz,Switzerland,74,3,0,0,0,1,Champions
271,Dimitar Momirov,Bulgaria,74,2,0,0,0,1,Champions
272,Jan Damgaard,Denmark,72,0,0,0,0,1,Champions
273,António Marçal,Portugal,68,0,0,0,0,1,Champions
274,John Purcell,Ireland,76,0,0,0,0,1,Champions
275,Bujar Pregja,Albania,0,0,0,0,0,1,Champions
276,Joseph Timmons,Scotland,0,1,0,0,0,1,Champions
277,Robert Ihring,Slovakia,0,2,0,0,0,1,Champions
278,Eric Blareau,Belgium,66,0,0,1,1,1,Champions
279,Sándor Piller,Hungary,63,6,0,0,0,1,Champions
280,Edgar Steinborn,Germany,68,5,0,0,0,1,Champions
281,Juan Ansuátegui Roca,Spain,69,1,0,0,0,1,Champions
282,Vasyl Melnychuk,Ukraine,68,4,0,0,0,1,Champions
283,Dieter Schoch,Switzerland,62,3,0,1,1,1,Champions
284,Eric Romain,Belgium,66,3,0,0,0,1,Champions
285,Sorin Corpodean,Romania,60,6,0,0,0,1,Champions
286,Rob Styles,England,61,2,0,0,0,1,Champions
287,Nicolai Vollquartz,Denmark,60,3,0,0,0,1,Champions
288,Knut Kircher,Germany,56,4,0,0,1,1,Champions
289,Alexandru Tudor,Romania,54,1,0,0,0,1,Champions
290,Kristinn Jakobsson,Iceland,56,1,0,0,0,1,Champions
291,Nikolay Ivanov,Russia,61,5,0,0,0,1,Champions
292,Claudio Circhetta,Switzerland,54,6,0,1,0,1,Champions
293,Kostas Kapitanis,Cyprus,61,5,0,0,0,1,Champions
294,Bruno Paixão,Portugal,51,4,0,0,1,1,Champions
295,Markus Strömbergsson,Sweden,50,3,0,0,0,1,Champions
296,Marcin Borski,Poland,52,8,0,0,0,1,Champions
297,Stanislav Todorov,Bulgaria,49,5,0,0,1,1,Champions
298,Jakob Kehlet,Denmark,45,4,0,0,0,1,Champions
299,Craig Pawson,England,46,6,0,0,0,1,Champions
300,Patrick Stiller,Germany,31,8,0,0,1,1,Champions
301,António Nobre,Portugal,36,4,0,0,0,1,Champions
302,Morten Krogh,Denmark,37,2,0,0,1,1,Champions
303,Enea Jorgji,Albania,41,7,0,0,0,1,Champions
304,Juan Martínez Munuera,Spain,43,1,0,0,3,1,Champions
305,Harm Osmers,Germany,40,7,0,0,1,1,Champions
306,Nick Walsh,Scotland,34,8,1,0,0,1,Champions
307,Allard Lindhout,Netherlands,38,7,0,1,0,1,Champions
308,Horațiu Feșnic,Romania,35,4,0,0,0,1,Champions
309,Marian Barbu,Romania,37,5,0,0,1,1,Champions
310,Simone Sozza,Italy,38,4,0,0,1,1,Champions
311,Damian Sylwestrzak,Poland,33,6,0,0,1,1,Champions
0,Pawel Raczkowski,Poland,42,41,1,3,5,8,Conference
1,Nikola Dabanovic,Montenegro,43,37,0,1,2,8,Conference
2,Luís Godinho,Portugal,39,30,0,0,2,7,Conference
3,Rade Obrenovic,Slovenia,35,36,0,0,2,7,Conference
4,Radu Petrescu,Romania,42,25,1,1,1,7,Conference
5,António Nobre,Portugal,36,27,3,3,5,7,Conference
6,Anastasios Sidiropoulos,Greece,46,45,3,1,3,7,Conference
7,Nick Walsh,Scotland,34,30,0,1,0,6,Conference
8,Mohammed Al-Hakim,Sweden,40,16,0,1,1,6,Conference
9,Espen Eskås,Norway,37,28,0,0,1,6,Conference
10,Glenn Nyberg,Sweden,37,27,1,0,1,6,Conference
11,Enea Jorgji,Albania,41,36,2,2,2,6,Conference
12,Horațiu Feșnic,Romania,35,19,1,1,0,6,Conference
13,Harm Osmers,Germany,40,29,0,1,1,6,Conference
14,Orel Grinfeld,Israel,44,16,2,2,1,6,Conference
15,Genc Nuza,Kosovo,36,30,0,0,2,6,Conference
16,Allard Lindhout,Netherlands,38,31,0,0,2,6,Conference
17,Sebastian Gishamer,Austria,37,31,2,0,2,6,Conference
18,John Beaton,Scotland,43,32,2,0,2,6,Conference
19,Julian Weinberger,Austria,40,23,1,0,1,5,Conference
20,Giorgi Kruashvili,Georgia,39,20,0,0,4,5,Conference
21,Mykola Balakin,Ukraine,36,23,1,0,3,5,Conference
22,István Vad,Hungary,50,17,0,0,1,5,Conference
23,Morten Krogh,Denmark,37,29,1,0,1,5,Conference
24,Urs Schnyder,Switzerland,39,24,0,0,0,5,Conference
25,Gergő Bogár,Hungary,34,21,1,0,1,5,Conference
26,Andris Treimanis,Latvia,40,25,0,2,1,5,Conference
27,Craig Pawson,England,46,25,1,1,1,5,Conference
28,Irfan Peljto,Bosnia-Herzegovina,41,14,0,0,1,5,Conference
29,Willie Collum,Scotland,46,29,0,0,1,5,Conference
30,Serdar Gözübüyük,Netherlands,39,23,1,0,1,5,Conference
31,Willy Delajod,France,33,19,0,1,2,5,Conference
32,Juxhin Xhaja,Albania,35,21,0,0,4,5,Conference
33,Daniel Schlager,Germany,35,23,0,2,0,5,Conference
34,Filip Glova,Slovakia,37,16,0,0,1,4,Conference
35,João Pinheiro,Portugal,37,13,0,0,1,4,Conference
36,Yigal Frid,Israel,33,14,0,0,1,4,Conference
37,Anastasios Papapetrou,Greece,40,17,0,0,1,4,Conference
38,Michal Ocenas,Slovakia,34,18,0,0,1,4,Conference
39,Robert Harvey,Ireland,37,19,0,1,0,4,Conference
40,Erik Lambrechts,Belgium,41,16,0,2,0,4,Conference
41,Duje Strukan,Croatia,41,25,0,1,1,4,Conference
42,Manuel Schüttengruber,Austria,42,27,0,1,1,4,Conference
43,Aliyar Agayev,Azerbaijan,37,21,0,0,1,4,Conference
44,Don Robertson,Scotland,38,14,0,0,0,4,Conference
45,Rohit Saggi,Norway,33,15,0,0,2,4,Conference
46,Bartosz Frankowski,Poland,39,17,0,0,0,4,Conference
47,Georgi Kabakov,Bulgaria,39,21,1,1,0,4,Conference
48,Donatas Rumšas,Lithuania,37,17,2,0,0,4,Conference
49,Daniel Siebert,Germany,41,23,1,0,1,4,Conference
50,Ivan Kruzliak,Slovakia,41,21,0,0,0,4,Conference
51,Benoît Bastien,France,42,15,0,0,1,4,Conference
52,Aleksandar Stavrev,North Macedonia,48,20,0,1,1,4,Conference
53,Elchin Masiyev,Azerbaijan,34,14,0,0,0,4,Conference
54,Dario Bel,Croatia,37,20,0,1,0,4,Conference
55,Marian Barbu,Romania,37,17,0,0,2,4,Conference
56,Milos Milanovic,Serbia,32,10,0,0,1,4,Conference
57,Matej Jug,Slovenia,45,12,3,0,0,4,Conference
58,Damian Sylwestrzak,Poland,33,19,1,1,0,4,Conference
59,Atilla Karaoğlan,Türkiye,39,21,0,0,1,4,Conference
60,Mohammed Al-Emara,Finland,33,22,2,0,2,4,Conference
61,Jérémie Pignard,France,38,17,1,0,0,4,Conference
62,Radoslav Gidzhenov,Bulgaria,34,15,1,1,0,4,Conference
63,Davide Massa,Italy,44,7,0,0,1,3,Conference
64,Marco Di Bello,Italy,44,18,2,1,0,3,Conference
65,Daniel Stefanski,Poland,48,7,1,1,0,3,Conference
66,Trustin Farrugia Cann,Malta,39,7,0,1,1,3,Conference
67,Ali Palabıyık,Türkiye,44,9,0,0,1,3,Conference
68,Stéphanie Frappart,France,41,9,0,0,2,3,Conference
69,Goga Kikacheishvili,Georgia,34,19,1,0,1,3,Conference
70,Fran Jovic,Croatia,41,13,1,0,1,3,Conference
71,Maurizio Mariani,Italy,43,11,0,0,1,3,Conference
72,Harald Lechner,Austria,43,4,0,1,0,3,Conference
73,Lawrence Visser,Belgium,35,12,1,1,0,3,Conference
74,Jakob Kehlet,Denmark,45,12,0,0,0,3,Conference
75,Anthony Taylor,England,46,11,0,2,1,3,Conference
76,Halil Umut Meler,Türkiye,39,22,1,0,2,3,Conference
77,Carlos del Cerro Grande,Spain,49,14,0,1,1,3,Conference
78,Michael Oliver,England,40,14,1,0,1,3,Conference
79,Sandro Schärer,Switzerland,37,15,0,0,1,3,Conference
80,Guillermo Cuadra Fernández,Spain,41,16,1,0,1,3,Conference
81,Philip Farrugia,Malta,37,12,1,0,0,3,Conference
82,Manfredas Lukjančukas,Lithuania,33,18,1,0,1,3,Conference
83,Daniele Chiffi,Italy,40,12,0,1,0,3,Conference
84,Tamás Bognár,Hungary,46,13,0,0,1,3,Conference
85,De Burgos Bengoetxea,Spain,39,9,0,0,2,3,Conference
86,Aleksey Kulbakov,Belarus,45,15,0,0,0,3,Conference
87,Felix Zwayer,Germany,44,17,1,0,2,3,Conference
88,Kristo Tohver,Estonia,44,13,0,0,0,3,Conference
89,Joey Kooij,Netherlands,33,23,0,0,2,3,Conference
90,Sven Jablonski,Germany,35,12,0,0,0,3,Conference
91,Vitalijs Spasjonnikovs,Latvia,39,9,0,0,1,3,Conference
92,Balázs Berke,Hungary,41,9,0,0,1,3,Conference
93,Ondrej Berka,Czech Republic,37,19,0,0,1,3,Conference
94,Nenad Minakovic,Serbia,36,13,0,1,0,3,Conference
95,David Smajc,Slovenia,36,13,0,0,0,3,Conference
96,Sander van der Eijk,Netherlands,34,9,2,0,0,3,Conference
97,Robert Jones,England,38,17,0,0,1,3,Conference
98,Oleksiy Derevinskyi,Ukraine,36,16,0,0,1,3,Conference
99,Chrysovalantis Theouli,Cyprus,36,6,0,1,2,3,Conference
100,Adam Ladebäck,Sweden,33,11,0,1,1,3,Conference
101,Clément Turpin,France,43,10,0,0,1,3,Conference
102,Lothar D'hondt,Belgium,31,8,1,0,0,3,Conference
103,Kevin Clancy,Scotland,41,16,2,0,1,2,Conference
104,Bobby Madden,Scotland,46,4,0,0,1,2,Conference
105,Juri Frischer,Estonia,41,2,0,0,1,2,Conference
106,Fabio Maresca,Italy,44,11,0,0,0,2,Conference
107,Fábio Veríssimo,Portugal,42,8,1,0,1,2,Conference
108,Ádám Farkas,Hungary,43,11,0,0,0,2,Conference
109,Sergiy Boyko,Ukraine,48,10,0,0,2,2,Conference
110,Halis Özkahya,Türkiye,45,6,0,0,0,2,Conference
111,Peter Kjærsgaard,Denmark,41,12,0,0,1,2,Conference
112,Dennis Higler,Netherlands,40,4,0,0,0,2,Conference
113,Yevgen Aranovskyi,Ukraine,49,8,0,0,2,2,Conference
114,Pavel Orel,Czech Republic,37,7,0,0,2,2,Conference
115,Dumitru Muntean,Moldova,40,10,0,0,0,2,Conference
116,Chris Kavanagh,England,40,5,0,0,0,2,Conference
117,Petri Viljanen,Finland,38,8,0,0,0,2,Conference
118,Jérôme Brisard,France,39,8,0,0,1,2,Conference
119,Bram Van Driessche,Belgium,40,8,0,1,0,2,Conference
120,Istvan Kovacs,Romania,41,7,0,0,1,2,Conference
121,Igor Pajac,Croatia,40,12,0,0,0,2,Conference
122,Krzysztof Jakubik,Poland,42,6,0,0,0,2,Conference
123,Andreas Ekberg,Sweden,40,8,0,0,1,2,Conference
124,Artur Soares Dias,Portugal,46,17,0,0,1,2,Conference
125,José María Sánchez Martínez,Spain,42,8,0,0,0,2,Conference
126,Sascha Stegemann,Germany,40,6,0,0,0,2,Conference
127,Novak Simovic,Serbia,43,9,0,0,0,2,Conference
128,Iwan Griffith,Wales,37,12,0,1,0,2,Conference
129,Visar Kastrati,Kosovo,38,6,0,0,0,2,Conference
130,Juan Martínez Munuera,Spain,43,12,1,0,1,2,Conference
131,François Letexier,France,36,10,0,0,0,2,Conference
132,Arda Kardeşler,Türkiye,37,5,0,1,1,2,Conference
133,Christian-Petru Ciochirca,Austria,36,7,0,0,1,2,Conference
134,Vangelis Manouchos,Greece,36,9,0,0,0,2,Conference
135,Jesús Gil Manzano,Spain,41,7,0,1,0,2,Conference
136,Luka Bilbija,Bosnia-Herzegovina,36,12,2,0,0,2,Conference
137,Gustavo Correia,Portugal,33,16,0,1,0,2,Conference
138,Vasilios Fotias,Greece,36,9,0,0,0,2,Conference
139,Ovidiu Hațegan,Romania,45,13,0,0,0,2,Conference
140,Simone Sozza,Italy,38,7,0,2,2,2,Conference
141,Luca Pairetto,Italy,41,12,0,1,0,2,Conference
142,Tobias Stieler,Germany,44,11,1,0,0,2,Conference
143,Marco Guida,Italy,44,6,0,0,1,2,Conference
144,Lukas Fähndrich,Switzerland,41,9,0,0,0,2,Conference
145,Oliver Reitala,Finland,31,6,0,0,1,2,Conference
146,David Dickinson,Scotland,45,10,0,1,0,2,Conference
147,Rob Hennessy,Ireland,34,10,0,0,1,2,Conference
148,Andrea Colombo,Italy,35,7,0,0,1,2,Conference
149,Sigurd Kringstad,Norway,37,8,0,0,0,2,Conference
150,Ishmael Barbara,Malta,0,5,0,1,0,2,Conference
151,Aleksandrs Anufrijevs,Latvia,41,4,0,0,0,1,Conference
152,Kateryna Monzul,Ukraine,44,1,0,0,1,1,Conference
153,Stuart Attwell,England,43,3,0,0,1,1,Conference
154,Kai Erik Steen,Norway,40,11,0,0,0,1,Conference
155,Mattias Gestranius,Finland,47,10,0,1,0,1,Conference
156,Michael Fabbri,Italy,41,4,0,0,1,1,Conference
157,Kirill Levnikov,Russia,41,5,0,0,0,1,Conference
158,Jens Maae,Denmark,43,2,0,0,0,1,Conference
159,Volen Chinkov,Bulgaria,41,2,0,0,1,1,Conference
160,Vilhjálmur Alvar Thórarinsson,Iceland,40,4,0,0,0,1,Conference
161,Alain Durieux,Luxembourg,40,5,0,0,0,1,Conference
162,Kristoffer Karlsson,Sweden,0,4,0,0,0,1,Conference
163,Vitaliy Meshkov,Russia,42,4,0,0,0,1,Conference
164,Kári Jóannesarson á Hövdanum,Faroe Islands,35,4,0,0,0,1,Conference
165,Helgi Mikael Jónasson,Iceland,31,3,0,0,0,1,Conference
166,Kaspar Sjöberg,Sweden,38,3,0,0,0,1,Conference
167,Sergey Ivanov,Russia,41,4,0,0,0,1,Conference
168,Deniz Aytekin,Germany,47,2,0,1,0,1,Conference
169,Szymon Marciniak,Poland,44,5,1,0,0,1,Conference
170,Danny Makkelie,Netherlands,42,2,0,0,0,1,Conference
171,Srdjan Jovanovic,Serbia,39,4,0,0,0,1,Conference
172,Ivan Bebek,Croatia,48,6,0,0,1,1,Conference
173,Mads-Kristoffer Kristoffersen,Denmark,42,4,0,0,0,1,Conference
174,Joni Hyytiä,Finland,37,4,0,0,1,1,Conference
175,Jochem Kamphuis,Netherlands,39,2,0,0,0,1,Conference
176,Ruddy Buquet,France,48,3,0,0,1,1,Conference
177,Darren England,England,39,6,0,0,0,1,Conference
178,Nathan Verboomen,Belgium,37,1,0,0,0,1,Conference
179,Roi Reinshreiber,Israel,45,8,0,0,0,1,Conference
180,Andrew Madley,England,42,2,0,0,0,1,Conference
181,César Soto Grado,Spain,0,2,0,0,0,1,Conference
182,Ívar Orri Kristjánsson,Iceland,36,3,0,0,0,1,Conference
183,José Luis Munuera Montero,Spain,42,6,0,0,0,1,Conference
184,Rauf Cabarov,Azerbaijan,40,3,0,0,0,1,Conference
185,Gal Leibovich,Israel,39,5,0,0,0,1,Conference
186,Mateu Lahoz,Spain,48,5,0,0,0,1,Conference
187,Abdulkadir Bitigen,Türkiye,41,6,0,0,1,1,Conference
188,Robertas Valikonis,Lithuania,42,2,0,0,1,1,Conference
189,Tomas Klima,Czech Republic,37,8,0,0,0,1,Conference
190,David Fucsman,Israel,34,2,1,0,0,1,Conference
191,Andrei Chivulete,Romania,38,5,0,0,0,1,Conference
192,Robert Schröder,Germany,40,6,0,0,1,1,Conference
193,Viktor Kopiyevskyi,Ukraine,34,4,0,0,1,1,Conference
194,Pierre Gaillouste,France,36,1,0,0,0,1,Conference
195,Miguel Nogueira,Portugal,31,1,0,0,0,1,Conference
196,Ashot Ghaltakhchyan,Armenia,33,4,0,0,1,1,Conference
197,Henrik Nalbandyan,Armenia,30,5,0,1,1,1,Conference
198,Antoni Bandic,Bosnia-Herzegovina,35,1,0,0,0,1,Conference
199,Mikkel Redder,Denmark,31,3,0,0,1,1,Conference
200,Menelaos Antoniou,Cyprus,30,2,0,0,0,1,Conference
201,Jasper Vergoote,Belgium,33,2,0,0,0,1,Conference
202,Sayat Karabaev,Kazakhstan,32,7,0,1,1,1,Conference
203,Daniyar Sakhi,Kazakhstan,34,3,0,0,0,1,Conference
204,Jan Petrik,Czech Republic,33,3,0,0,0,1,Conference
205,Javier Alberola Rojas,Spain,0,5,0,0,0,1,Conference
206,Bulat Sariev,Kazakhstan,34,4,0,0,0,1,Conference
207,Snir Levi,Israel,0,2,0,0,0,1,Conference
208,Stefan Ebner,Austria,34,4,0,0,0,1,Conference
209,Patrik Kolaric,Croatia,30,4,0,0,0,1,Conference
210,Jakob Sundberg,Denmark,36,7,0,1,0,1,Conference
211,Kristoffer Hagenes,Norway,35,1,0,0,0,1,Conference
212,Alejandro Hernández Hernández,Spain,42,2,0,0,1,1,Conference
213,Florian Badstübner,Germany,34,4,0,0,0,1,Conference
214,Igor Stojchevski,North Macedonia,36,4,0,1,0,1,Conference
0,Matej Jug,Slovenia,45,192,7,3,11,40,Europa
1,Aleksandar Stavrev,North Macedonia,48,174,3,4,4,39,Europa
2,Aleksey Kulbakov,Belarus,45,128,1,5,8,36,Europa
3,Ivan Kruzliak,Slovakia,41,184,9,6,7,36,Europa
4,Ivan Bebek,Croatia,48,176,9,2,8,35,Europa
5,Willie Collum,Scotland,46,131,3,5,15,31,Europa
6,Robert Schörgenhofer,Austria,52,110,5,1,5,30,Europa
7,Artur Soares Dias,Portugal,46,107,4,0,11,30,Europa
8,István Vad,Hungary,50,98,3,2,3,29,Europa
9,Vladislav Bezborodov,Russia,52,106,4,4,9,29,Europa
10,Serdar Gözübüyük,Netherlands,39,120,5,4,12,29,Europa
11,Pavel Kralovec,Czech Republic,48,121,5,0,5,27,Europa
12,Alon Yefet,Israel,53,99,1,2,2,27,Europa
13,Gediminas Mazeika,Lithuania,47,100,2,3,4,27,Europa
14,Clément Turpin,France,43,114,2,9,9,27,Europa
15,Felix Zwayer,Germany,44,124,6,3,7,27,Europa
16,Bobby Madden,Scotland,46,105,2,1,7,27,Europa
17,Andris Treimanis,Latvia,40,141,3,1,7,27,Europa
18,Pawel Gil,Poland,49,108,5,2,7,26,Europa
19,Ovidiu Hațegan,Romania,45,124,1,4,6,26,Europa
20,Mateu Lahoz,Spain,48,109,2,1,7,26,Europa
21,Anastasios Sidiropoulos,Greece,46,110,3,3,7,26,Europa
22,Kevin Blom,Netherlands,51,96,1,6,8,25,Europa
23,Michael Oliver,England,40,98,1,2,9,25,Europa
24,Alexandru Tudor,Romania,54,121,5,0,2,24,Europa
25,Stefan Johannesson,Sweden,53,96,5,0,6,24,Europa
26,Hüseyin Göçek,Türkiye,48,88,4,0,2,24,Europa
27,Harald Lechner,Austria,43,97,3,0,4,24,Europa
28,Sergiy Boyko,Ukraine,48,98,2,4,8,24,Europa
29,Tobias Stieler,Germany,44,114,5,0,5,24,Europa
30,Bas Nijhuis,Netherlands,48,99,3,2,3,23,Europa
31,Jorge Sousa,Portugal,50,102,3,2,5,23,Europa
32,Ruddy Buquet,France,48,103,2,1,6,23,Europa
33,Anthony Taylor,England,46,96,4,7,6,23,Europa
34,Benoît Bastien,France,42,93,6,6,11,23,Europa
35,Craig Pawson,England,46,108,3,0,5,23,Europa
36,Jakob Kehlet,Denmark,45,92,1,1,9,23,Europa
37,Luca Banti,Italy,51,77,1,2,5,22,Europa
38,Sergey Karasev,Russia,46,107,3,3,13,22,Europa
39,Kristo Tohver,Estonia,44,117,4,2,9,22,Europa
40,Yevgen Aranovskyi,Ukraine,49,95,8,0,3,22,Europa
41,Slavko Vincic,Slovenia,45,92,0,3,3,22,Europa
42,Pawel Raczkowski,Poland,42,107,3,0,11,22,Europa
43,Istvan Kovacs,Romania,41,95,3,3,5,22,Europa
44,Tamás Bognár,Hungary,46,101,4,3,6,22,Europa
45,Orel Grinfeld,Israel,44,95,4,2,4,22,Europa
46,Sandro Schärer,Switzerland,37,90,4,1,9,22,Europa
47,Nikola Dabanovic,Montenegro,43,76,0,2,6,22,Europa
48,Serge Gumienny,Belgium,53,98,5,4,7,21,Europa
49,Halis Özkahya,Türkiye,45,66,4,1,2,21,Europa
50,Liran Liany,Israel,48,82,0,2,4,21,Europa
51,John Beaton,Scotland,43,96,2,0,7,21,Europa
52,Cüneyt Çakır,Türkiye,48,72,1,2,8,20,Europa
53,Tony Chapron,France,53,86,1,3,10,20,Europa
54,Milorad Mazic,Serbia,52,115,1,3,8,20,Europa
55,Daniel Siebert,Germany,41,98,3,2,4,20,Europa
56,Gianluca Rocchi,Italy,52,79,4,1,5,19,Europa
57,Kristinn Jakobsson,Iceland,56,59,0,3,2,19,Europa
58,Damir Skomina,Slovenia,49,93,0,2,3,19,Europa
59,Björn Kuipers,Netherlands,52,80,2,3,3,19,Europa
60,Deniz Aytekin,Germany,47,91,4,2,7,19,Europa
61,Miroslav Zelinka,Czech Republic,44,92,2,2,2,19,Europa
62,Szymon Marciniak,Poland,44,92,5,3,10,19,Europa
63,Jesús Gil Manzano,Spain,41,74,1,2,4,19,Europa
64,Daniel Stefanski,Poland,48,89,2,2,8,19,Europa
65,Paolo Tagliavento,Italy,53,74,4,2,7,18,Europa
66,Manuel Gräfe,Germany,52,95,3,3,8,18,Europa
67,Danny Makkelie,Netherlands,42,70,3,1,5,18,Europa
68,Andreas Ekberg,Sweden,40,57,3,1,4,18,Europa
69,Aliyar Agayev,Azerbaijan,37,68,4,0,8,18,Europa
70,Davide Massa,Italy,44,78,1,0,3,18,Europa
71,Srdjan Jovanovic,Serbia,39,70,2,1,6,18,Europa
72,Irfan Peljto,Bosnia-Herzegovina,41,71,4,1,6,18,Europa
73,José María Sánchez Martínez,Spain,42,80,2,1,7,18,Europa
74,Martin Atkinson,England,54,86,1,1,5,17,Europa
75,Jonas Eriksson,Sweden,51,74,3,2,4,17,Europa
76,Mattias Gestranius,Finland,47,67,4,1,4,17,Europa
77,François Letexier,France,36,62,3,3,8,17,Europa
78,Svein Oddvar Moen,Norway,46,52,2,1,4,16,Europa
79,Simon Lee Evans,Wales,50,83,2,2,3,16,Europa
80,Marijo Strahonja,Croatia,50,83,4,1,3,16,Europa
81,Michalis Koukoulakis,Greece,50,77,1,1,1,16,Europa
82,Daniele Orsato,Italy,49,69,1,3,6,16,Europa
83,Radu Petrescu,Romania,42,56,1,2,2,16,Europa
84,Georgi Kabakov,Bulgaria,39,100,2,0,5,16,Europa
85,Undiano Mallenco,Spain,52,37,0,0,0,15,Europa
86,Estrada Fernández,Spain,49,64,3,1,6,15,Europa
87,Aleksey Eskov,Russia,47,57,1,3,4,15,Europa
88,Carlos del Cerro Grande,Spain,49,65,1,0,4,15,Europa
89,Mike Dean,England,57,72,3,4,3,14,Europa
90,Cristian Balaj,Romania,54,54,3,0,2,14,Europa
91,Florian Meyer,Germany,56,51,1,1,1,14,Europa
92,Craig Thomson,Scotland,53,56,1,2,2,14,Europa
93,Marcin Borski,Poland,52,73,3,2,5,14,Europa
94,Halil Umut Meler,Türkiye,39,42,0,2,2,14,Europa
95,Jérôme Brisard,France,39,70,3,0,4,14,Europa
96,Libor Kovarik,Czech Republic,49,62,1,1,2,13,Europa
97,Mark Clattenburg,England,50,62,2,2,1,13,Europa
98,Sébastien Delferière,Belgium,44,46,1,2,0,13,Europa
99,Tiago Martins,Portugal,45,71,3,2,6,13,Europa
100,Lawrence Visser,Belgium,35,60,3,0,3,13,Europa
101,Alan Kelly,Ireland,50,55,2,2,2,12,Europa
102,Andre Marriner,England,54,53,3,3,1,12,Europa
103,Pol van Boekel,Netherlands,50,47,0,0,5,12,Europa
104,Roi Reinshreiber,Israel,45,56,1,0,1,12,Europa
105,Filip Glova,Slovakia,37,41,0,1,0,12,Europa
106,Mohammed Al-Hakim,Sweden,40,35,0,1,4,12,Europa
107,Carlos Velasco Carballo,Spain,54,51,0,0,3,11,Europa
108,Hannes Kaasik,Estonia,47,39,0,3,0,11,Europa
109,Viktor Kassai,Hungary,50,69,3,1,1,11,Europa
110,Anastasios Kakos,Greece,55,41,2,1,0,11,Europa
111,Martin Hansson,Sweden,54,32,1,1,0,11,Europa
112,Stephan Studer,Switzerland,50,47,1,1,2,11,Europa
113,David Fernández Borbalán,Spain,52,40,1,1,2,11,Europa
114,Ali Palabıyık,Türkiye,44,40,1,0,2,11,Europa
115,Marco Guida,Italy,44,36,0,1,6,11,Europa
116,Alejandro Hernández Hernández,Spain,42,47,1,1,3,11,Europa
117,Giorgi Kruashvili,Georgia,39,38,0,1,1,11,Europa
118,Laurent Duhamel,France,57,24,1,0,3,10,Europa
119,Dr. Felix Brych,Germany,50,43,1,0,2,10,Europa
120,Leontios Trattou,Cyprus,52,34,0,0,7,10,Europa
121,Carlos Clos Gómez,Spain,53,44,3,2,3,10,Europa
122,Tom Harald Hagen,Norway,49,43,0,0,4,10,Europa
123,Paolo Silvio Mazzoleni,Italy,51,41,0,0,1,10,Europa
124,Enea Jorgji,Albania,41,42,2,3,6,10,Europa
125,Donatas Rumšas,Lithuania,37,40,1,3,2,10,Europa
126,João Pinheiro,Portugal,37,32,1,0,5,10,Europa
127,Aleksey Nikolaev,Russia,54,37,0,0,0,9,Europa
128,Duarte Gomes,Portugal,52,39,1,0,2,9,Europa
129,Antony Gautier,France,47,37,2,2,3,9,Europa
130,Bartosz Frankowski,Poland,39,29,1,0,3,9,Europa
131,Sascha Stegemann,Germany,40,63,4,0,4,9,Europa
132,Glenn Nyberg,Sweden,37,37,1,1,1,9,Europa
133,Harm Osmers,Germany,40,47,0,0,3,9,Europa
134,Tommy Skjerven,Norway,58,23,0,1,1,8,Europa
135,Sascha Kever,Switzerland,50,34,1,0,3,8,Europa
136,Zsolt Szabó,Hungary,53,33,2,0,5,8,Europa
137,Eric Braamhaar,Netherlands,59,34,0,1,2,8,Europa
138,Kenn Hansen,Denmark,45,29,3,1,1,8,Europa
139,Anastasios Papapetrou,Greece,40,30,0,1,0,8,Europa
140,Chris Kavanagh,England,40,52,0,1,3,8,Europa
141,Espen Eskås,Norway,37,43,0,1,1,8,Europa
142,Duje Strukan,Croatia,41,42,2,1,3,8,Europa
143,Maurizio Mariani,Italy,43,28,1,0,1,8,Europa
144,Bruno Paixão,Portugal,51,31,3,0,3,7,Europa
145,Tony Asumaa,Finland,57,24,0,0,0,7,Europa
146,Peter Rasmussen,Denmark,50,29,1,0,2,7,Europa
147,Thomas Einwaller,Austria,48,28,1,0,1,7,Europa
148,Said Ennjimi,France,52,35,0,0,3,7,Europa
149,Pedro Proença,Portugal,54,35,0,1,1,7,Europa
150,Fernando Teixeira Vitienes,Spain,54,16,0,0,2,7,Europa
151,Bülent Yıldırım,Türkiye,53,16,0,0,3,7,Europa
152,Wolfgang Stark,Germany,55,31,2,0,2,7,Europa
153,Manuel Schüttengruber,Austria,42,31,1,0,1,7,Europa
154,Sergey Ivanov,Russia,41,28,0,0,3,7,Europa
155,Marco Di Bello,Italy,44,33,0,0,3,7,Europa
156,De Burgos Bengoetxea,Spain,39,21,1,0,3,7,Europa
157,Rade Obrenovic,Slovenia,35,32,0,0,1,7,Europa
158,Horațiu Feșnic,Romania,35,33,1,0,2,7,Europa
159,Morten Krogh,Denmark,37,20,1,0,4,7,Europa
160,Simone Sozza,Italy,38,36,0,1,4,7,Europa
161,Knut Kircher,Germany,56,23,0,2,2,6,Europa
162,Robert Małek,Poland,54,14,0,2,0,6,Europa
163,Claudio Circhetta,Switzerland,54,28,0,0,3,6,Europa
164,Nicola Rizzoli,Italy,54,26,1,0,2,6,Europa
165,Mark Courtney,Northern Ireland,53,26,1,0,0,6,Europa
166,Fredy Fautrel,France,53,27,1,2,3,6,Europa
167,Stanislav Todorov,Bulgaria,49,27,1,1,2,6,Europa
168,Martin Strömbergsson,Sweden,48,11,0,0,1,6,Europa
169,Arnold Hunter,Northern Ireland,46,25,0,0,2,6,Europa
170,Fábio Veríssimo,Portugal,42,18,0,0,1,6,Europa
171,Fran Jovic,Croatia,41,20,0,1,1,6,Europa
172,Stéphanie Frappart,France,41,27,0,1,4,6,Europa
173,Erik Lambrechts,Belgium,41,25,0,0,2,6,Europa
174,Nick Walsh,Scotland,34,35,4,2,1,6,Europa
175,Sebastian Gishamer,Austria,37,23,1,0,1,6,Europa
176,Martin Ingvarsson,Sweden,59,14,0,0,2,5,Europa
177,Darko Ceferin,Slovenia,57,21,0,1,1,5,Europa
178,Douglas McDonald,Scotland,60,29,1,0,1,5,Europa
179,César Muñiz Fernández,Spain,55,25,0,0,2,5,Europa
180,Eduardo Iturralde González,Spain,58,24,1,0,4,5,Europa
181,Maksim Layushkin,Russia,53,16,1,1,0,5,Europa
182,Markus Strömbergsson,Sweden,50,26,1,1,2,5,Europa
183,Fırat Aydınus,Türkiye,51,21,0,3,3,5,Europa
184,Stephan Klossner,Switzerland,44,20,0,0,1,5,Europa
185,Mag. Oliver Drachta,Austria,48,16,0,1,0,5,Europa
186,Kevin Clancy,Scotland,41,16,0,0,2,5,Europa
187,Allard Lindhout,Netherlands,38,20,0,0,2,5,Europa
188,Igor Pajac,Croatia,40,12,0,0,0,5,Europa
189,Juxhin Xhaja,Albania,35,21,0,2,1,5,Europa
190,Julian Weinberger,Austria,40,18,1,0,2,5,Europa
191,Luís Godinho,Portugal,39,16,0,0,0,5,Europa
192,Nenad Minakovic,Serbia,36,16,1,0,2,5,Europa
193,Michael Weiner,Germany,56,12,1,0,0,4,Europa
194,Terje Hauge,Norway,60,15,0,0,1,4,Europa
195,Pieter Vink,Netherlands,58,17,1,1,0,4,Europa
196,Daniel Stalhammar,Sweden,50,18,0,5,1,4,Europa
197,Antti Munukka,Finland,43,10,0,0,0,4,Europa
198,Antonio Damato,Italy,53,16,1,0,0,4,Europa
199,Menashe Mashiah,Israel,51,14,1,2,1,4,Europa
200,Stéphane Lannoy,France,56,18,0,0,1,4,Europa
201,Clayton Pisani,Malta,47,10,2,0,2,4,Europa
202,Tobias Welz,Germany,48,21,0,2,4,4,Europa
203,Bart Vertenten,Belgium,37,11,0,0,3,4,Europa
204,Andrew Dallas,Scotland,42,13,0,0,0,4,Europa
205,Petr Ardeleanu,Czech Republic,44,22,2,0,1,4,Europa
206,Rohit Saggi,Norway,33,21,2,0,1,4,Europa
207,Mykola Balakin,Ukraine,36,15,0,0,2,4,Europa
208,António Nobre,Portugal,36,11,0,0,1,4,Europa
209,John Brooks,England,0,11,0,0,0,4,Europa
210,Manfredas Lukjančukas,Lithuania,33,17,3,0,3,4,Europa
211,Marian Barbu,Romania,37,13,0,0,0,4,Europa
212,Vladimir Hrinak,Slovakia,0,8,0,0,1,3,Europa
213,Kostas Kapitanis,Cyprus,61,9,1,1,0,3,Europa
214,Paul Allaerts,Belgium,61,9,0,1,1,3,Europa
215,Selçuk Dereli,Türkiye,56,13,2,0,0,3,Europa
216,Claus Bo Larsen,Denmark,59,13,0,0,0,3,Europa
217,Alexandru Deaconu,Romania,53,13,0,0,0,3,Europa
218,Lee Probert,England,53,17,3,0,1,3,Europa
219,Olegário Benquerença,Portugal,55,18,0,1,0,3,Europa
220,Eitan Shmuelevic,Israel,47,13,0,0,0,3,Europa
221,Steven McLean,Scotland,44,7,0,0,0,3,Europa
222,Ognjen Valjic,Bosnia-Herzegovina,44,9,2,0,1,3,Europa
223,Vitaliy Meshkov,Russia,42,13,0,1,3,3,Europa
224,Ola Hobber Nilsen,Norway,39,12,0,0,1,3,Europa
225,Mads-Kristoffer Kristoffersen,Denmark,42,10,1,0,0,3,Europa
226,Pavel Orel,Czech Republic,37,13,1,0,1,3,Europa
227,Urs Schnyder,Switzerland,39,7,1,0,1,3,Europa
228,Willy Delajod,France,33,10,0,1,1,3,Europa
229,Damian Sylwestrzak,Poland,33,16,0,0,0,3,Europa
230,Sven Jablonski,Germany,35,14,0,0,0,3,Europa
231,Oleg Orekhov,Ukraine,58,3,0,0,1,2,Europa
232,Nikolay Ivanov,Russia,61,5,0,0,0,2,Europa
233,Espen Berntsen,Norway,58,6,0,0,0,2,Europa
234,Cyril Zimmermann,Switzerland,49,2,0,0,0,2,Europa
235,Nicolai Vollquartz,Denmark,60,2,0,0,0,2,Europa
236,Thorsten Kinhöfer,Germany,57,4,0,0,0,2,Europa
237,Stanislav Sukhina,Russia,57,7,0,0,0,2,Europa
238,Howard Webb,England,54,9,2,1,0,2,Europa
239,Stuart Attwell,England,43,17,1,0,0,2,Europa
240,Emir Aleckovic,Bosnia-Herzegovina,46,7,0,0,0,2,Europa
241,Artem Kuchin,Kazakhstan,47,9,0,0,1,2,Europa
242,Marius Avram,Romania,46,9,0,0,0,2,Europa
243,Christian Dingert,Germany,45,10,0,1,2,2,Europa
244,Adrien Jaccottet,Switzerland,42,11,0,0,2,2,Europa
245,Jonathan Lardot,Belgium,41,9,1,0,1,2,Europa
246,Jens Maae,Denmark,43,1,0,0,0,2,Europa
247,Dennis Higler,Netherlands,40,7,0,0,0,2,Europa
248,Vilhjálmur Alvar Thórarinsson,Iceland,40,7,0,0,0,2,Europa
249,Kirill Levnikov,Russia,41,10,0,0,0,2,Europa
250,Paul Tierney,England,44,6,0,0,0,2,Europa
251,Kateryna Monzul,Ukraine,44,17,0,0,0,2,Europa
252,Fabio Maresca,Italy,44,10,0,1,1,2,Europa
253,Atilla Karaoğlan,Türkiye,39,12,0,0,2,2,Europa
254,Ondrej Berka,Czech Republic,37,11,0,0,0,2,Europa
255,Balázs Berke,Hungary,41,7,1,1,0,2,Europa
256,Guillermo Cuadra Fernández,Spain,41,11,0,0,2,2,Europa
257,Matteo Trefoloni,Italy,54,3,0,0,0,1,Europa
258,Lucílio Baptista,Portugal,60,3,0,0,0,1,Europa
259,Georgios Daloukas,Greece,47,2,0,0,0,1,Europa
260,Jiri Jech,Czech Republic,49,4,0,0,1,1,Europa
261,José Antonio Teixeira Vitienes,Spain,55,3,0,0,0,1,Europa
262,Anton Genov,Bulgaria,59,3,0,0,0,1,Europa
263,Paolo Valeri,Italy,47,7,1,0,0,1,Europa
264,Rene Eisner,Austria,50,5,0,0,0,1,Europa
265,Ilias Spathas,Greece,45,2,0,0,0,1,Europa
266,Sergey Lapochkin,Russia,44,4,0,0,0,1,Europa
267,Hugo Miguel,Portugal,48,1,0,0,0,1,Europa
268,Mete Kalkavan,Türkiye,46,6,1,0,0,1,Europa
269,Charalampos Kalogeropoulos,Greece,42,1,0,0,0,1,Europa
270,Peter Kralovic,Slovakia,42,2,0,0,0,1,Europa
271,Alain Bieri,Switzerland,46,3,0,0,0,1,Europa
272,Ville Nevalainen,Finland,40,3,0,0,0,1,Europa
273,Juan Martínez Munuera,Spain,43,6,0,0,0,1,Europa
274,Benoît Millot,France,43,5,1,0,1,1,Europa
275,Ivaylo Stoyanov,Bulgaria,44,5,0,0,0,1,Europa
276,Ádám Farkas,Hungary,43,6,0,0,0,1,Europa
277,Dumitru Muntean,Moldova,40,3,0,0,1,1,Europa
278,Karim Abed,France,36,3,0,0,0,1,Europa
279,Alain Durieux,Luxembourg,40,5,0,0,0,1,Europa
280,Robert Harvey,Ireland,37,7,0,0,1,1,Europa
281,Massimiliano Irrati,Italy,46,5,0,0,0,1,Europa
282,Petri Viljanen,Finland,38,1,0,0,1,1,Europa
283,Trustin Farrugia Cann,Malta,39,7,0,0,2,1,Europa
284,Michael Fabbri,Italy,41,6,0,0,0,1,Europa
285,Rob Hennessy,Ireland,34,3,0,0,1,1,Europa
286,Amaury Delerue,France,48,4,1,0,0,1,Europa
287,Bojan Pandzic,Sweden,43,4,0,0,1,1,Europa
288,Novak Simovic,Serbia,43,5,0,0,0,1,Europa
289,Christian-Petru Ciochirca,Austria,36,6,0,0,1,1,Europa
290,Robert Jones,England,38,2,0,0,0,1,Europa
291,Don Robertson,Scotland,38,2,0,0,0,1,Europa
292,Vasilios Fotias,Greece,36,1,0,0,0,1,Europa
293,Sander van der Eijk,Netherlands,34,5,1,0,0,1,Europa
