Date,HomeTeam,AwayTeam,FTHG,FTAG,FTR,HTHG,HTAG,HTR,Referee,HS,AS,HST,AST,HF,AF,HC,AC,HY,AY,HR,AR
07/08/99,Arsenal,Leicester,2,1,H,0,0,D,P Walton,,,,,,,,,,,,
07/08/99,Chelsea,Sunderland,4,0,H,2,0,H,M Dean,,,,,,,,,,,,
07/08/99,Coventry,Southampton,0,1,A,0,0,D,S Wicks,,,,,,,,,,,,
07/08/99,Leeds,Derby,0,0,D,0,0,D,M Riley,,,,,,,,,,,,
07/08/99,Middlesbrough,Bradford,0,1,A,0,0,D,P Durkin,,,,,,,,,,,,
07/08/99,Newcastle,Aston Villa,0,1,A,0,0,D,D Elleray,,,,,,,,,,,,
07/08/99,Sheffield Weds,Liverpool,1,2,A,0,0,D,G Hall,,,,,,,,,,,,
07/08/99,Watford,Wimbledon,2,3,A,1,2,A,R Jones,,,,,,,,,,,,
07/08/99,West Ham,Tottenham,1,0,H,1,0,H,T Riley,,,,,,,,,,,,
08/08/99,Everton,Man United,1,1,D,0,1,A,J Kelly,,,,,,,,,,,,
09/08/99,Tottenham,Newcastle,0,1,A,0,0,D,A Baker,,,,,,,,,,,,
14/08/99,Aston Villa,Middlesbrough,1,2,A,1,1,D,K Winter,,,,,,,,,,,,
14/08/99,Bradford,Man United,0,2,A,0,1,A,S Lodge,,,,,,,,,,,,
14/08/99,Derby,Watford,2,0,H,1,0,H,P Jones,,,,,,,,,,,,
14/08/99,Liverpool,Arsenal,2,3,A,1,0,H,L Stevens,,,,,,,,,,,,
14/08/99,Southampton,Leeds,2,4,A,0,2,A,C Cooper,,,,,,,,,,,,
14/08/99,Sunderland,Sheffield Weds,2,0,H,0,0,D,D Smith,,,,,,,,,,,,
14/08/99,Wimbledon,Everton,2,1,H,1,0,H,N Graham,,,,,,,,,,,,
15/08/99,Leicester,Chelsea,2,2,D,0,1,A,S Dunn,,,,,,,,,,,,
16/08/99,Tottenham,West Ham,1,1,D,1,0,H,R Styles,,,,,,,,,,,,
18/08/99,Man United,Coventry,0,0,D,0,0,D,P Walton,,,,,,,,,,,,
21/08/99,Arsenal,Bradford,2,0,H,1,0,H,M Dean,,,,,,,,,,,,
21/08/99,Chelsea,Wimbledon,3,0,H,1,0,H,S Wicks,,,,,,,,,,,,
21/08/99,Coventry,Man United,0,0,D,0,0,D,M Riley,,,,,,,,,,,,
21/08/99,Everton,Tottenham,1,0,H,1,0,H,P Durkin,,,,,,,,,,,,
21/08/99,Leeds,Newcastle,2,0,H,1,0,H,D Elleray,,,,,,,,,,,,
21/08/99,Middlesbrough,Southampton,3,2,H,1,0,H,G Hall,,,,,,,,,,,,
21/08/99,Sheffield Weds,Aston Villa,0,1,A,0,0,D,R Jones,,,,,,,,,,,,
21/08/99,Watford,Liverpool,2,3,A,1,2,A,T Riley,,,,,,,,,,,,
21/08/99,West Ham,Sunderland,1,1,D,0,0,D,J Kelly,,,,,,,,,,,,
22/08/99,Derby,Leicester,1,2,A,0,0,D,A Baker,,,,,,,,,,,,
24/08/99,Man United,Newcastle,5,1,H,3,0,H,K Winter,,,,,,,,,,,,
25/08/99,Bradford,Sunderland,0,1,A,0,0,D,S Lodge,,,,,,,,,,,,
28/08/99,Aston Villa,Chelsea,0,0,D,0,0,D,P Jones,,,,,,,,,,,,
28/08/99,Bradford,Watford,1,0,H,1,0,H,L Stevens,,,,,,,,,,,,
28/08/99,Leicester,West Ham,1,0,H,1,0,H,C Cooper,,,,,,,,,,,,
28/08/99,Liverpool,Arsenal,3,2,H,1,1,D,D Smith,,,,,,,,,,,,
28/08/99,Newcastle,Sheffield Weds,2,0,H,1,0,H,N Graham,,,,,,,,,,,,
28/08/99,Southampton,Derby,1,2,A,0,0,D,S Dunn,,,,,,,,,,,,
28/08/99,Sunderland,Coventry,1,1,D,1,0,H,R Styles,,,,,,,,,,,,
28/08/99,Tottenham,Leeds,2,1,H,1,0,H,P Walton,,,,,,,,,,,,
28/08/99,Wimbledon,Middlesbrough,0,2,A,0,1,A,M Dean,,,,,,,,,,,,
29/08/99,Man United,Everton,2,1,H,0,1,A,S Wicks,,,,,,,,,,,,
11/09/99,Arsenal,Aston Villa,3,1,H,0,1,A,M Riley,,,,,,,,,,,,
11/09/99,Coventry,Leicester,0,1,A,0,1,A,P Durkin,,,,,,,,,,,,
11/09/99,Derby,Bradford,2,0,H,1,0,H,D Elleray,,,,,,,,,,,,
11/09/99,Everton,Southampton,0,1,A,0,0,D,G Hall,,,,,,,,,,,,
11/09/99,Leeds,Watford,2,0,H,1,0,H,R Jones,,,,,,,,,,,,
11/09/99,Middlesbrough,Tottenham,2,1,H,0,1,A,T Riley,,,,,,,,,,,,
11/09/99,Newcastle,Sunderland,2,2,D,1,2,A,J Kelly,,,,,,,,,,,,
11/09/99,Sheffield Weds,Man United,0,8,A,0,4,A,A Baker,,,,,,,,,,,,
11/09/99,West Ham,Chelsea,2,3,A,2,0,H,K Winter,,,,,,,,,,,,
11/09/99,Wimbledon,Liverpool,1,2,A,1,1,D,S Lodge,,,,,,,,,,,,
18/09/99,Aston Villa,Coventry,0,0,D,0,0,D,P Jones,,,,,,,,,,,,
18/09/99,Bradford,Wimbledon,1,1,D,1,1,D,L Stevens,,,,,,,,,,,,
18/09/99,Chelsea,Liverpool,2,1,H,1,1,D,C Cooper,,,,,,,,,,,,
18/09/99,Leicester,Newcastle,1,2,A,0,0,D,D Smith,,,,,,,,,,,,
18/09/99,Man United,Southampton,2,1,H,2,0,H,N Graham,,,,,,,,,,,,
18/09/99,Sunderland,Derby,1,1,D,0,0,D,S Dunn,,,,,,,,,,,,
18/09/99,Tottenham,Arsenal,0,0,D,0,0,D,R Styles,,,,,,,,,,,,
18/09/99,Watford,Middlesbrough,1,1,D,0,1,A,P Walton,,,,,,,,,,,,
18/09/99,West Ham,Sheffield Weds,1,0,H,0,0,D,M Dean,,,,,,,,,,,,
19/09/99,Leeds,Everton,2,1,H,1,1,D,S Wicks,,,,,,,,,,,,
25/09/99,Arsenal,Man United,1,2,A,1,1,D,M Riley,,,,,,,,,,,,
25/09/99,Coventry,Middlesbrough,4,1,H,3,0,H,P Durkin,,,,,,,,,,,,
25/09/99,Derby,Aston Villa,1,3,A,0,2,A,D Elleray,,,,,,,,,,,,
25/09/99,Everton,Sunderland,2,2,D,1,1,D,G Hall,,,,,,,,,,,,
25/09/99,Liverpool,Leeds,0,1,A,0,1,A,R Jones,,,,,,,,,,,,
25/09/99,Newcastle,Bradford,3,0,H,1,0,H,T Riley,,,,,,,,,,,,
25/09/99,Sheffield Weds,Leicester,1,1,D,1,1,D,J Kelly,,,,,,,,,,,,
25/09/99,Southampton,Chelsea,0,0,D,0,0,D,A Baker,,,,,,,,,,,,
25/09/99,Watford,West Ham,0,1,A,0,0,D,K Winter,,,,,,,,,,,,
25/09/99,Wimbledon,Tottenham,1,2,A,1,0,H,S Lodge,,,,,,,,,,,,
02/10/99,Aston Villa,West Ham,2,1,H,0,1,A,P Jones,,,,,,,,,,,,
02/10/99,Bradford,Derby,2,3,A,1,2,A,L Stevens,,,,,,,,,,,,
02/10/99,Chelsea,Arsenal,2,3,A,0,2,A,C Cooper,,,,,,,,,,,,
02/10/99,Leicester,Wimbledon,0,0,D,0,0,D,D Smith,,,,,,,,,,,,
02/10/99,Man United,Southampton,2,1,H,1,0,H,N Graham,,,,,,,,,,,,
02/10/99,Middlesbrough,Everton,1,1,D,1,0,H,S Dunn,,,,,,,,,,,,
02/10/99,Sunderland,Newcastle,2,1,H,2,0,H,R Styles,,,,,,,,,,,,
02/10/99,Tottenham,Sheffield Weds,2,0,H,1,0,H,P Walton,,,,,,,,,,,,
02/10/99,Watford,Coventry,2,2,D,1,1,D,M Dean,,,,,,,,,,,,
03/10/99,Leeds,Liverpool,2,1,H,1,0,H,S Wicks,,,,,,,,,,,,
16/10/99,Arsenal,Everton,1,0,H,0,0,D,M Riley,,,,,,,,,,,,
16/10/99,Coventry,Chelsea,0,1,A,0,0,D,P Durkin,,,,,,,,,,,,
16/10/99,Derby,Newcastle,0,2,A,0,1,A,D Elleray,,,,,,,,,,,,
16/10/99,Liverpool,Watford,0,1,A,0,1,A,G Hall,,,,,,,,,,,,
16/10/99,Sheffield Weds,Bradford,1,1,D,1,0,H,R Jones,,,,,,,,,,,,
16/10/99,Southampton,Aston Villa,1,1,D,1,0,H,T Riley,,,,,,,,,,,,
16/10/99,Sunderland,Middlesbrough,2,2,D,1,1,D,J Kelly,,,,,,,,,,,,
16/10/99,Tottenham,Man United,1,3,A,1,0,H,A Baker,,,,,,,,,,,,
16/10/99,West Ham,Leicester,0,4,A,0,2,A,K Winter,,,,,,,,,,,,
16/10/99,Wimbledon,Leeds,2,2,D,0,2,A,S Lodge,,,,,,,,,,,,
23/10/99,Aston Villa,Tottenham,5,1,H,2,1,H,P Jones,,,,,,,,,,,,
23/10/99,Bradford,Southampton,1,0,H,1,0,H,L Stevens,,,,,,,,,,,,
23/10/99,Chelsea,Man United,5,0,H,3,0,H,C Cooper,,,,,,,,,,,,
23/10/99,Everton,Coventry,2,2,D,1,1,D,D Smith,,,,,,,,,,,,
23/10/99,Leicester,Derby,0,3,A,0,2,A,N Graham,,,,,,,,,,,,
23/10/99,Middlesbrough,Sheffield Weds,4,1,H,1,1,D,S Dunn,,,,,,,,,,,,
23/10/99,Newcastle,Arsenal,1,1,D,0,1,A,R Styles,,,,,,,,,,,,
23/10/99,Watford,Sunderland,0,0,D,0,0,D,P Walton,,,,,,,,,,,,
23/10/99,Wimbledon,West Ham,1,2,A,1,1,D,M Dean,,,,,,,,,,,,
24/10/99,Leeds,Liverpool,0,0,D,0,0,D,S Wicks,,,,,,,,,,,,
30/10/99,Arsenal,Sheffield Weds,2,0,H,0,0,D,M Riley,,,,,,,,,,,,
30/10/99,Coventry,Newcastle,1,0,H,0,0,D,P Durkin,,,,,,,,,,,,
30/10/99,Derby,Everton,0,2,A,0,2,A,D Elleray,,,,,,,,,,,,
30/10/99,Liverpool,Aston Villa,3,2,H,0,1,A,G Hall,,,,,,,,,,,,
30/10/99,Man United,Leicester,2,0,H,0,0,D,R Jones,,,,,,,,,,,,
30/10/99,Southampton,Bradford,1,0,H,1,0,H,T Riley,,,,,,,,,,,,
30/10/99,Sunderland,Wimbledon,1,2,A,0,1,A,J Kelly,,,,,,,,,,,,
30/10/99,Tottenham,Chelsea,1,1,D,1,1,D,A Baker,,,,,,,,,,,,
30/10/99,West Ham,Middlesbrough,1,0,H,0,0,D,K Winter,,,,,,,,,,,,
30/10/99,Watford,Leeds,2,2,D,0,1,A,S Lodge,,,,,,,,,,,,
06/11/99,Aston Villa,Leeds,0,0,D,0,0,D,P Jones,,,,,,,,,,,,
06/11/99,Bradford,Tottenham,0,1,A,0,0,D,L Stevens,,,,,,,,,,,,
06/11/99,Chelsea,Man United,0,0,D,0,0,D,C Cooper,,,,,,,,,,,,
06/11/99,Everton,Derby,2,1,H,1,0,H,D Smith,,,,,,,,,,,,
06/11/99,Leicester,Liverpool,1,0,H,0,0,D,N Graham,,,,,,,,,,,,
06/11/99,Middlesbrough,Coventry,1,1,D,1,0,H,S Dunn,,,,,,,,,,,,
06/11/99,Newcastle,Arsenal,2,4,A,1,2,A,R Styles,,,,,,,,,,,,
06/11/99,Sheffield Weds,Southampton,0,2,A,0,1,A,P Walton,,,,,,,,,,,,
06/11/99,Wimbledon,Watford,0,0,D,0,0,D,M Dean,,,,,,,,,,,,
06/11/99,West Ham,Sunderland,1,1,D,0,1,A,S Wicks,,,,,,,,,,,,
20/11/99,Arsenal,Wimbledon,5,1,H,1,0,H,M Riley,,,,,,,,,,,,
20/11/99,Coventry,Bradford,2,1,H,2,0,H,P Durkin,,,,,,,,,,,,
20/11/99,Derby,West Ham,2,2,D,1,1,D,D Elleray,,,,,,,,,,,,
20/11/99,Liverpool,Everton,0,0,D,0,0,D,G Hall,,,,,,,,,,,,
20/11/99,Man United,Middlesbrough,2,1,H,1,0,H,R Jones,,,,,,,,,,,,
20/11/99,Southampton,Newcastle,4,2,H,2,2,D,T Riley,,,,,,,,,,,,
20/11/99,Sunderland,Leicester,2,0,H,2,0,H,J Kelly,,,,,,,,,,,,
20/11/99,Tottenham,Aston Villa,1,2,A,0,1,A,A Baker,,,,,,,,,,,,
20/11/99,Watford,Sheffield Weds,1,1,D,0,0,D,K Winter,,,,,,,,,,,,
21/11/99,Leeds,Chelsea,2,0,H,1,0,H,S Lodge,,,,,,,,,,,,
27/11/99,Aston Villa,Sunderland,0,0,D,0,0,D,P Jones,,,,,,,,,,,,
27/11/99,Bradford,Coventry,0,0,D,0,0,D,L Stevens,,,,,,,,,,,,
27/11/99,Chelsea,Derby,4,1,H,2,0,H,C Cooper,,,,,,,,,,,,
27/11/99,Everton,Wimbledon,1,0,H,0,0,D,D Smith,,,,,,,,,,,,
27/11/99,Leicester,Leeds,1,2,A,0,0,D,N Graham,,,,,,,,,,,,
27/11/99,Middlesbrough,Liverpool,0,1,A,0,0,D,S Dunn,,,,,,,,,,,,
27/11/99,Newcastle,Man United,3,3,D,3,2,H,R Styles,,,,,,,,,,,,
27/11/99,Sheffield Weds,West Ham,1,1,D,1,0,H,P Walton,,,,,,,,,,,,
27/11/99,Tottenham,Southampton,1,0,H,0,0,D,M Dean,,,,,,,,,,,,
27/11/99,Watford,Arsenal,1,1,D,0,1,A,S Wicks,,,,,,,,,,,,
04/12/99,Arsenal,Tottenham,0,0,D,0,0,D,M Riley,,,,,,,,,,,,
04/12/99,Coventry,Derby,0,1,A,0,0,D,P Durkin,,,,,,,,,,,,
04/12/99,Leeds,Bradford,2,1,H,1,0,H,D Elleray,,,,,,,,,,,,
04/12/99,Liverpool,Sunderland,2,0,H,1,0,H,G Hall,,,,,,,,,,,,
04/12/99,Man United,Wimbledon,2,1,H,1,0,H,R Jones,,,,,,,,,,,,
04/12/99,Southampton,Everton,2,0,H,1,0,H,T Riley,,,,,,,,,,,,
04/12/99,West Ham,Aston Villa,0,0,D,0,0,D,J Kelly,,,,,,,,,,,,
05/12/99,Chelsea,Leicester,0,0,D,0,0,D,A Baker,,,,,,,,,,,,
05/12/99,Newcastle,Middlesbrough,2,1,H,2,0,H,K Winter,,,,,,,,,,,,
05/12/99,Sheffield Weds,Watford,2,0,H,1,0,H,S Lodge,,,,,,,,,,,,
11/12/99,Aston Villa,Man United,0,2,A,0,2,A,P Jones,,,,,,,,,,,,
11/12/99,Bradford,Leeds,1,2,A,1,1,D,L Stevens,,,,,,,,,,,,
11/12/99,Derby,Sheffield Weds,4,0,H,2,0,H,C Cooper,,,,,,,,,,,,
11/12/99,Everton,Arsenal,1,4,A,0,1,A,D Smith,,,,,,,,,,,,
11/12/99,Leicester,Coventry,0,0,D,0,0,D,N Graham,,,,,,,,,,,,
11/12/99,Middlesbrough,Chelsea,1,0,H,1,0,H,S Dunn,,,,,,,,,,,,
11/12/99,Sunderland,Liverpool,1,1,D,0,1,A,R Styles,,,,,,,,,,,,
11/12/99,Watford,Southampton,3,2,H,2,2,D,P Walton,,,,,,,,,,,,
11/12/99,Wimbledon,Newcastle,4,2,H,2,1,H,M Dean,,,,,,,,,,,,
12/12/99,Tottenham,West Ham,2,1,H,1,1,D,S Wicks,,,,,,,,,,,,
18/12/99,Arsenal,Middlesbrough,1,0,H,0,0,D,M Riley,,,,,,,,,,,,
18/12/99,Chelsea,Sunderland,2,3,A,2,1,H,P Durkin,,,,,,,,,,,,
18/12/99,Coventry,Watford,5,0,H,2,0,H,D Elleray,,,,,,,,,,,,
18/12/99,Leeds,Southampton,2,2,D,0,1,A,G Hall,,,,,,,,,,,,
18/12/99,Liverpool,Newcastle,2,1,H,0,1,A,R Jones,,,,,,,,,,,,
18/12/99,Man United,Wimbledon,3,1,H,1,0,H,T Riley,,,,,,,,,,,,
18/12/99,Sheffield Weds,Everton,1,2,A,0,1,A,J Kelly,,,,,,,,,,,,
18/12/99,Tottenham,Derby,0,0,D,0,0,D,A Baker,,,,,,,,,,,,
18/12/99,West Ham,Bradford,2,1,H,1,0,H,K Winter,,,,,,,,,,,,
19/12/99,Aston Villa,Leicester,2,1,H,1,1,D,S Lodge,,,,,,,,,,,,
26/12/99,Arsenal,Leeds,2,2,D,2,2,D,P Jones,,,,,,,,,,,,
26/12/99,Bradford,Aston Villa,0,3,A,0,1,A,L Stevens,,,,,,,,,,,,
26/12/99,Derby,Arsenal,1,0,H,1,0,H,C Cooper,,,,,,,,,,,,
26/12/99,Everton,Middlesbrough,2,2,D,1,1,D,D Smith,,,,,,,,,,,,
26/12/99,Leicester,Liverpool,0,0,D,0,0,D,N Graham,,,,,,,,,,,,
26/12/99,Newcastle,Sheffield Weds,3,0,H,2,0,H,S Dunn,,,,,,,,,,,,
26/12/99,Southampton,Chelsea,1,2,A,0,2,A,R Styles,,,,,,,,,,,,
26/12/99,Sunderland,Man United,1,1,D,0,0,D,P Walton,,,,,,,,,,,,
26/12/99,Watford,West Ham,1,2,A,1,1,D,M Dean,,,,,,,,,,,,
27/12/99,Wimbledon,Coventry,2,2,D,1,1,D,S Wicks,,,,,,,,,,,,
28/12/99,Aston Villa,Bradford,1,1,D,0,1,A,M Riley,,,,,,,,,,,,
28/12/99,Chelsea,Southampton,0,0,D,0,0,D,P Durkin,,,,,,,,,,,,
28/12/99,Coventry,Wimbledon,1,0,H,1,0,H,D Elleray,,,,,,,,,,,,
28/12/99,Leeds,Arsenal,2,2,D,2,2,D,G Hall,,,,,,,,,,,,
28/12/99,Liverpool,Leicester,0,0,D,0,0,D,R Jones,,,,,,,,,,,,
28/12/99,Man United,Sunderland,2,0,H,2,0,H,T Riley,,,,,,,,,,,,
28/12/99,Middlesbrough,Everton,2,1,H,0,1,A,J Kelly,,,,,,,,,,,,
28/12/99,Sheffield Weds,Newcastle,2,0,H,2,0,H,A Baker,,,,,,,,,,,,
28/12/99,West Ham,Watford,0,0,D,0,0,D,K Winter,,,,,,,,,,,,
29/12/99,Tottenham,Derby,4,0,H,1,0,H,S Lodge,,,,,,,,,,,,
03/01/00,Arsenal,Leicester,2,1,H,1,1,D,P Jones,,,,,,,,,,,,
03/01/00,Aston Villa,Middlesbrough,1,0,H,0,0,D,L Stevens,,,,,,,,,,,,
03/01/00,Bradford,West Ham,1,1,D,0,0,D,C Cooper,,,,,,,,,,,,
03/01/00,Derby,Liverpool,0,1,A,0,1,A,D Smith,,,,,,,,,,,,
03/01/00,Everton,Chelsea,1,1,D,0,0,D,N Graham,,,,,,,,,,,,
03/01/00,Leicester,Sunderland,5,2,H,2,1,H,S Dunn,,,,,,,,,,,,
03/01/00,Man United,Southampton,2,3,A,2,2,D,R Styles,,,,,,,,,,,,
03/01/00,Newcastle,Leeds,2,1,H,1,1,D,P Walton,,,,,,,,,,,,
03/01/00,Wimbledon,Sheffield Weds,0,0,D,0,0,D,M Dean,,,,,,,,,,,,
03/01/00,Watford,Coventry,1,1,D,1,1,D,S Wicks,,,,,,,,,,,,
15/01/00,Bradford,Wimbledon,1,2,A,0,1,A,M Riley,,,,,,,,,,,,
15/01/00,Chelsea,Arsenal,2,3,A,1,1,D,P Durkin,,,,,,,,,,,,
15/01/00,Coventry,Everton,1,2,A,1,1,D,D Elleray,,,,,,,,,,,,
15/01/00,Leeds,Tottenham,1,0,H,0,0,D,G Hall,,,,,,,,,,,,
15/01/00,Middlesbrough,West Ham,2,2,D,0,1,A,R Jones,,,,,,,,,,,,
15/01/00,Newcastle,Derby,4,1,H,2,1,H,T Riley,,,,,,,,,,,,
15/01/00,Sheffield Weds,Leicester,0,4,A,0,1,A,J Kelly,,,,,,,,,,,,
15/01/00,Southampton,Sunderland,0,0,D,0,0,D,A Baker,,,,,,,,,,,,
15/01/00,Watford,Aston Villa,1,2,A,0,1,A,K Winter,,,,,,,,,,,,
22/01/00,Arsenal,Man United,1,1,D,1,0,H,S Lodge,,,,,,,,,,,,
22/01/00,Aston Villa,Watford,4,0,H,2,0,H,P Jones,,,,,,,,,,,,
22/01/00,Derby,Southampton,0,0,D,0,0,D,L Stevens,,,,,,,,,,,,
22/01/00,Everton,Bradford,4,0,H,3,0,H,C Cooper,,,,,,,,,,,,
22/01/00,Leicester,Sheffield Weds,2,2,D,1,1,D,D Smith,,,,,,,,,,,,
22/01/00,Sunderland,Newcastle,2,2,D,1,0,H,N Graham,,,,,,,,,,,,
22/01/00,Tottenham,Coventry,0,0,D,0,0,D,S Dunn,,,,,,,,,,,,
23/01/00,Liverpool,Chelsea,1,1,D,1,0,H,R Styles,,,,,,,,,,,,
23/01/00,Wimbledon,Leeds,1,2,A,1,0,H,P Walton,,,,,,,,,,,,
26/01/00,Leicester,Bradford,2,0,H,2,0,H,M Dean,,,,,,,,,,,,
26/01/00,Liverpool,Southampton,2,1,H,0,0,D,S Wicks,,,,,,,,,,,,
29/01/00,Bradford,Leeds,2,1,H,0,1,A,M Riley,,,,,,,,,,,,
29/01/00,Coventry,Arsenal,3,2,H,1,1,D,P Durkin,,,,,,,,,,,,
29/01/00,Derby,Middlesbrough,1,1,D,0,0,D,D Elleray,,,,,,,,,,,,
29/01/00,Man United,Chelsea,1,1,D,1,0,H,G Hall,,,,,,,,,,,,
29/01/00,Newcastle,Everton,2,2,D,1,0,H,R Jones,,,,,,,,,,,,
29/01/00,Sheffield Weds,Aston Villa,0,0,D,0,0,D,T Riley,,,,,,,,,,,,
29/01/00,Southampton,Wimbledon,0,0,D,0,0,D,J Kelly,,,,,,,,,,,,
29/01/00,Tottenham,Leicester,2,1,H,2,1,H,A Baker,,,,,,,,,,,,
29/01/00,West Ham,Sunderland,0,1,A,0,0,D,K Winter,,,,,,,,,,,,
01/02/00,Wimbledon,West Ham,1,1,D,0,1,A,S Lodge,,,,,,,,,,,,
05/02/00,Aston Villa,Southampton,2,0,H,1,0,H,P Jones,,,,,,,,,,,,
05/02/00,Bradford,Tottenham,0,0,D,0,0,D,L Stevens,,,,,,,,,,,,
05/02/00,Chelsea,Man United,0,0,D,0,0,D,C Cooper,,,,,,,,,,,,
05/02/00,Everton,Derby,1,0,H,0,0,D,D Smith,,,,,,,,,,,,
05/02/00,Leicester,Liverpool,2,0,H,0,0,D,N Graham,,,,,,,,,,,,
05/02/00,Middlesbrough,Coventry,1,1,D,0,1,A,S Dunn,,,,,,,,,,,,
05/02/00,Newcastle,Arsenal,0,0,D,0,0,D,R Styles,,,,,,,,,,,,
05/02/00,Sheffield Weds,Wimbledon,1,0,H,1,0,H,P Walton,,,,,,,,,,,,
05/02/00,Sunderland,Leeds,2,1,H,2,0,H,M Dean,,,,,,,,,,,,
06/02/00,West Ham,Watford,0,0,D,0,0,D,S Wicks,,,,,,,,,,,,
12/02/00,Arsenal,Southampton,1,0,H,0,0,D,M Riley,,,,,,,,,,,,
12/02/00,Coventry,Bradford,0,0,D,0,0,D,P Durkin,,,,,,,,,,,,
12/02/00,Derby,Sheffield Weds,3,3,D,2,1,H,D Elleray,,,,,,,,,,,,
12/02/00,Leeds,Everton,4,0,H,2,0,H,G Hall,,,,,,,,,,,,
12/02/00,Leicester,Aston Villa,1,1,D,0,0,D,R Jones,,,,,,,,,,,,
12/02/00,Middlesbrough,Man United,2,1,H,2,0,H,T Riley,,,,,,,,,,,,
12/02/00,Sunderland,Watford,2,0,H,1,0,H,J Kelly,,,,,,,,,,,,
12/02/00,Tottenham,Chelsea,0,0,D,0,0,D,A Baker,,,,,,,,,,,,
12/02/00,Wimbledon,Newcastle,2,3,A,1,1,D,K Winter,,,,,,,,,,,,
13/02/00,Liverpool,West Ham,1,1,D,1,0,H,S Lodge,,,,,,,,,,,,
26/02/00,Aston Villa,Liverpool,0,3,A,0,1,A,P Jones,,,,,,,,,,,,
26/02/00,Bradford,Newcastle,2,1,H,1,0,H,L Stevens,,,,,,,,,,,,
26/02/00,Chelsea,Wimbledon,1,0,H,1,0,H,C Cooper,,,,,,,,,,,,
26/02/00,Everton,Sunderland,0,2,A,0,0,D,D Smith,,,,,,,,,,,,
26/02/00,Leeds,Coventry,3,0,H,1,0,H,N Graham,,,,,,,,,,,,
26/02/00,Man United,Derby,1,0,H,0,0,D,S Dunn,,,,,,,,,,,,
26/02/00,Sheffield Weds,Tottenham,1,1,D,1,1,D,R Styles,,,,,,,,,,,,
26/02/00,Southampton,Leicester,2,1,H,0,0,D,P Walton,,,,,,,,,,,,
26/02/00,Watford,Middlesbrough,1,2,A,1,1,D,M Dean,,,,,,,,,,,,
26/02/00,West Ham,Arsenal,0,3,A,0,0,D,S Wicks,,,,,,,,,,,,
04/03/00,Arsenal,West Ham,3,0,H,2,0,H,M Riley,,,,,,,,,,,,
04/03/00,Coventry,Man United,2,3,A,1,1,D,P Durkin,,,,,,,,,,,,
04/03/00,Derby,Aston Villa,1,0,H,0,0,D,D Elleray,,,,,,,,,,,,
04/03/00,Leicester,Everton,1,1,D,1,0,H,G Hall,,,,,,,,,,,,
04/03/00,Liverpool,Bradford,1,0,H,1,0,H,R Jones,,,,,,,,,,,,
04/03/00,Middlesbrough,Leeds,0,0,D,0,0,D,T Riley,,,,,,,,,,,,
04/03/00,Newcastle,Chelsea,0,0,D,0,0,D,J Kelly,,,,,,,,,,,,
04/03/00,Sunderland,Tottenham,2,0,H,1,0,H,A Baker,,,,,,,,,,,,
04/03/00,Watford,Southampton,1,0,H,1,0,H,K Winter,,,,,,,,,,,,
04/03/00,Wimbledon,Sheffield Weds,1,0,H,0,0,D,S Lodge,,,,,,,,,,,,
11/03/00,Aston Villa,Wimbledon,2,1,H,1,1,D,P Jones,,,,,,,,,,,,
11/03/00,Bradford,Watford,0,0,D,0,0,D,L Stevens,,,,,,,,,,,,
11/03/00,Chelsea,Coventry,2,1,H,1,1,D,C Cooper,,,,,,,,,,,,
11/03/00,Everton,Southampton,4,1,H,3,0,H,D Smith,,,,,,,,,,,,
11/03/00,Leeds,Derby,1,0,H,0,0,D,N Graham,,,,,,,,,,,,
11/03/00,Man United,Liverpool,1,1,D,0,1,A,S Dunn,,,,,,,,,,,,
11/03/00,Sheffield Weds,Middlesbrough,1,1,D,0,1,A,R Styles,,,,,,,,,,,,
11/03/00,Tottenham,Arsenal,2,1,H,0,1,A,P Walton,,,,,,,,,,,,
12/03/00,West Ham,Newcastle,2,2,D,1,0,H,M Dean,,,,,,,,,,,,
18/03/00,Arsenal,Derby,4,2,H,1,0,H,S Wicks,,,,,,,,,,,,
18/03/00,Coventry,Sunderland,0,1,A,0,1,A,M Riley,,,,,,,,,,,,
18/03/00,Leicester,Everton,1,1,D,0,0,D,P Durkin,,,,,,,,,,,,
18/03/00,Liverpool,Bradford,2,0,H,1,0,H,D Elleray,,,,,,,,,,,,
18/03/00,Middlesbrough,Tottenham,1,1,D,0,0,D,G Hall,,,,,,,,,,,,
18/03/00,Newcastle,West Ham,2,2,D,0,1,A,R Jones,,,,,,,,,,,,
18/03/00,Southampton,Sheffield Weds,0,0,D,0,0,D,T Riley,,,,,,,,,,,,
18/03/00,Watford,Man United,2,3,A,1,1,D,J Kelly,,,,,,,,,,,,
18/03/00,Wimbledon,Aston Villa,1,2,A,1,1,D,A Baker,,,,,,,,,,,,
25/03/00,Aston Villa,Newcastle,4,0,H,1,0,H,K Winter,,,,,,,,,,,,
25/03/00,Bradford,Chelsea,2,0,H,1,0,H,S Lodge,,,,,,,,,,,,
25/03/00,Derby,Leicester,0,1,A,0,0,D,P Jones,,,,,,,,,,,,
25/03/00,Everton,Liverpool,0,0,D,0,0,D,L Stevens,,,,,,,,,,,,
25/03/00,Leeds,Coventry,3,0,H,2,0,H,C Cooper,,,,,,,,,,,,
25/03/00,Man United,Watford,4,1,H,1,0,H,D Smith,,,,,,,,,,,,
25/03/00,Sheffield Weds,Arsenal,1,1,D,1,0,H,N Graham,,,,,,,,,,,,
25/03/00,Sunderland,Southampton,2,0,H,0,0,D,S Dunn,,,,,,,,,,,,
25/03/00,Tottenham,Wimbledon,2,2,D,0,0,D,R Styles,,,,,,,,,,,,
25/03/00,West Ham,Middlesbrough,1,1,D,1,0,H,P Walton,,,,,,,,,,,,
01/04/00,Arsenal,Watford,1,0,H,0,0,D,M Dean,,,,,,,,,,,,
01/04/00,Chelsea,Bradford,1,0,H,0,0,D,S Wicks,,,,,,,,,,,,
01/04/00,Coventry,Leeds,2,3,A,0,2,A,M Riley,,,,,,,,,,,,
01/04/00,Liverpool,Everton,3,0,H,0,0,D,P Durkin,,,,,,,,,,,,
01/04/00,Middlesbrough,Man United,3,4,A,2,3,A,D Elleray,,,,,,,,,,,,
01/04/00,Newcastle,Derby,1,2,A,1,1,D,G Hall,,,,,,,,,,,,
01/04/00,Southampton,Aston Villa,2,2,D,0,1,A,R Jones,,,,,,,,,,,,
01/04/00,Sunderland,West Ham,1,0,H,0,0,D,T Riley,,,,,,,,,,,,
01/04/00,Wimbledon,Leicester,0,0,D,0,0,D,J Kelly,,,,,,,,,,,,
02/04/00,Tottenham,Sheffield Weds,1,1,D,0,0,D,A Baker,,,,,,,,,,,,
08/04/00,Aston Villa,Sunderland,0,0,D,0,0,D,K Winter,,,,,,,,,,,,
08/04/00,Bradford,Arsenal,2,1,H,1,1,D,S Lodge,,,,,,,,,,,,
08/04/00,Derby,Wimbledon,2,0,H,1,0,H,P Jones,,,,,,,,,,,,
08/04/00,Everton,Newcastle,0,2,A,0,0,D,L Stevens,,,,,,,,,,,,
08/04/00,Leicester,Tottenham,0,3,A,0,0,D,C Cooper,,,,,,,,,,,,
08/04/00,Man United,Middlesbrough,4,3,H,2,2,D,D Smith,,,,,,,,,,,,
08/04/00,Sheffield Weds,Coventry,1,2,A,1,0,H,N Graham,,,,,,,,,,,,
08/04/00,Southampton,Liverpool,0,1,A,0,1,A,S Dunn,,,,,,,,,,,,
08/04/00,Watford,Chelsea,1,1,D,0,0,D,R Styles,,,,,,,,,,,,
08/04/00,West Ham,Leeds,1,1,D,0,0,D,P Walton,,,,,,,,,,,,
15/04/00,Arsenal,Coventry,3,0,H,2,0,H,M Dean,,,,,,,,,,,,
15/04/00,Chelsea,Watford,4,0,H,2,0,H,S Wicks,,,,,,,,,,,,
15/04/00,Leicester,Man United,1,1,D,0,1,A,M Riley,,,,,,,,,,,,
15/04/00,Liverpool,Wimbledon,2,1,H,1,0,H,P Durkin,,,,,,,,,,,,
15/04/00,Middlesbrough,Aston Villa,0,4,A,0,2,A,D Elleray,,,,,,,,,,,,
15/04/00,Newcastle,Bradford,0,0,D,0,0,D,G Hall,,,,,,,,,,,,
15/04/00,Sunderland,Everton,2,0,H,1,0,H,R Jones,,,,,,,,,,,,
15/04/00,Tottenham,Southampton,0,1,A,0,1,A,T Riley,,,,,,,,,,,,
15/04/00,West Ham,Sheffield Weds,2,0,H,2,0,H,J Kelly,,,,,,,,,,,,
17/04/00,Coventry,Chelsea,0,0,D,0,0,D,A Baker,,,,,,,,,,,,
17/04/00,Derby,Bradford,0,0,D,0,0,D,K Winter,,,,,,,,,,,,
17/04/00,Everton,Leeds,0,2,A,0,1,A,S Lodge,,,,,,,,,,,,
17/04/00,Man United,Sunderland,2,1,H,1,0,H,P Jones,,,,,,,,,,,,
17/04/00,Southampton,Newcastle,2,0,H,1,0,H,L Stevens,,,,,,,,,,,,
17/04/00,Wimbledon,Tottenham,2,0,H,1,0,H,C Cooper,,,,,,,,,,,,
22/04/00,Aston Villa,Derby,2,0,H,2,0,H,D Smith,,,,,,,,,,,,
22/04/00,Bradford,Leicester,0,0,D,0,0,D,N Graham,,,,,,,,,,,,
22/04/00,Chelsea,Liverpool,3,0,H,2,0,H,S Dunn,,,,,,,,,,,,
22/04/00,Leeds,Arsenal,2,1,H,0,1,A,R Styles,,,,,,,,,,,,
22/04/00,Middlesbrough,Sunderland,2,2,D,1,2,A,P Walton,,,,,,,,,,,,
22/04/00,Newcastle,Tottenham,2,2,D,1,1,D,M Dean,,,,,,,,,,,,
22/04/00,Sheffield Weds,Man United,0,2,A,0,0,D,S Wicks,,,,,,,,,,,,
22/04/00,Wimbledon,West Ham,0,1,A,0,0,D,M Riley,,,,,,,,,,,,
23/04/00,Coventry,Southampton,0,0,D,0,0,D,P Durkin,,,,,,,,,,,,
24/04/00,Everton,Watford,4,2,H,2,2,D,D Elleray,,,,,,,,,,,,
29/04/00,Arsenal,Leeds,4,0,H,1,0,H,G Hall,,,,,,,,,,,,
29/04/00,Liverpool,Sheffield Weds,2,1,H,0,1,A,R Jones,,,,,,,,,,,,
29/04/00,Man United,Southampton,2,3,A,2,2,D,T Riley,,,,,,,,,,,,
29/04/00,Watford,Aston Villa,1,2,A,1,1,D,J Kelly,,,,,,,,,,,,
30/04/00,Bradford,Wimbledon,3,0,H,1,0,H,A Baker,,,,,,,,,,,,
30/04/00,Sheffield Weds,Leeds,0,3,A,0,1,A,K Winter,,,,,,,,,,,,
02/05/00,Arsenal,West Ham,2,1,H,0,1,A,S Lodge,,,,,,,,,,,,
02/05/00,Middlesbrough,Newcastle,2,2,D,1,2,A,P Jones,,,,,,,,,,,,
03/05/00,Leeds,Watford,3,1,H,2,1,H,L Stevens,,,,,,,,,,,,
03/05/00,Liverpool,Leicester,0,2,A,0,1,A,C Cooper,,,,,,,,,,,,
06/05/00,Arsenal,Chelsea,2,1,H,1,0,H,D Smith,,,,,,,,,,,,
06/05/00,Coventry,Sheffield Weds,4,1,H,1,0,H,N Graham,,,,,,,,,,,,
06/05/00,Derby,Newcastle,0,0,D,0,0,D,S Dunn,,,,,,,,,,,,
06/05/00,Leicester,Bradford,3,0,H,0,0,D,R Styles,,,,,,,,,,,,
06/05/00,Man United,Tottenham,3,1,H,3,1,H,P Walton,,,,,,,,,,,,
06/05/00,Middlesbrough,Watford,1,1,D,0,1,A,M Dean,,,,,,,,,,,,
06/05/00,Southampton,Wimbledon,2,0,H,0,0,D,S Wicks,,,,,,,,,,,,
06/05/00,Sunderland,Aston Villa,2,1,H,1,1,D,M Riley,,,,,,,,,,,,
06/05/00,West Ham,Everton,2,1,H,1,1,D,P Durkin,,,,,,,,,,,,
06/05/00,Liverpool,Southampton,2,1,H,0,0,D,D Elleray,,,,,,,,,,,,
06/05/00,Newcastle,Sunderland,2,0,H,2,0,H,G Hall,,,,,,,,,,,,
06/05/00,Tottenham,Chelsea,2,1,H,0,0,D,R Jones,,,,,,,,,,,,
06/05/00,Wimbledon,Derby,0,0,D,0,0,D,T Riley,,,,,,,,,,,,
06/05/00,Everton,Bradford,4,0,H,2,0,H,J Kelly,,,,,,,,,,,,
10/05/00,Aston Villa,Man United,0,0,D,0,0,D,A Baker,,,,,,,,,,,,
10/05/00,Bradford,West Ham,1,1,D,0,1,A,K Winter,,,,,,,,,,,,
10/05/00,Chelsea,Derby,2,0,H,0,0,D,S Lodge,,,,,,,,,,,,
10/05/00,Coventry,Tottenham,2,1,H,0,1,A,P Jones,,,,,,,,,,,,
10/05/00,Everton,Wimbledon,2,0,H,1,0,H,L Stevens,,,,,,,,,,,,
10/05/00,Leeds,Middlesbrough,1,1,D,1,0,H,C Cooper,,,,,,,,,,,,
10/05/00,Leicester,Newcastle,1,1,D,1,0,H,D Smith,,,,,,,,,,,,
10/05/00,Sheffield Weds,Southampton,0,0,D,0,0,D,N Graham,,,,,,,,,,,,
10/05/00,Sunderland,Arsenal,0,0,D,0,0,D,S Dunn,,,,,,,,,,,,
10/05/00,Watford,Liverpool,2,3,A,1,1,D,R Styles,,,,,,,,,,,,
14/05/00,Arsenal,Newcastle,5,0,H,2,0,H,P Walton,,,,,,,,,,,,
14/05/00,Aston Villa,Leeds,1,2,A,0,2,A,M Dean,,,,,,,,,,,,
14/05/00,Bradford,Leicester,2,0,H,2,0,H,S Wicks,,,,,,,,,,,,
14/05/00,Chelsea,Derby,2,0,H,0,0,D,M Riley,,,,,,,,,,,,
14/05/00,Liverpool,Southampton,2,1,H,0,0,D,P Durkin,,,,,,,,,,,,
14/05/00,Man United,Tottenham,3,1,H,3,1,H,D Elleray,,,,,,,,,,,,
14/05/00,Middlesbrough,Watford,1,1,D,0,1,A,G Hall,,,,,,,,,,,,
14/05/00,Sheffield Weds,Coventry,1,4,A,0,2,A,R Jones,,,,,,,,,,,,
14/05/00,Sunderland,Wimbledon,2,2,D,1,1,D,T Riley,,,,,,,,,,,,
14/05/00,West Ham,Everton,0,0,D,0,0,D,J Kelly,,,,,,,,,,,,